geometry,구,lon,lat
POINT (127.4662126859944 36.28753733509714),동구,127.46621268599444,36.28753733509714
POINT (127.4643874 36.32536083333333),동구,127.46438739999999,36.325360833333335
POINT (127.4223759 36.34703488),동구,127.4223759,36.347034879999995
POINT (127.497978975 36.345995525),동구,127.497978975,36.345995525
POINT (127.4563139651792 36.33099298149348),동구,127.45631396517916,36.33099298149348
POINT (127.4552098369601 36.30291939335162),동구,127.45520983696007,36.30291939335162
POINT (127.4617031 36.3275772),동구,127.4617031,36.3275772
POINT (127.4161666 36.34445655),동구,127.4161666,36.344456550000004
POINT (127.4519388124664 36.35374202181716),동구,127.45193881246637,36.35374202181716
POINT (127.442412189108 36.28087049502103),동구,127.44241218910803,36.280870495021034
POINT (127.4448821 36.3223212),동구,127.4448821,36.322321200000005
POINT (127.4592691666667 36.32949),동구,127.45926916666667,36.32949
POINT (127.4570129333333 36.33372043333333),동구,127.45701293333333,36.33372043333333
POINT (127.4286463 36.3456476),동구,127.4286463,36.3456476
POINT (127.4665632304939 36.39988447960669),동구,127.46656323049389,36.39988447960669
POINT (127.4319062333333 36.3306546),동구,127.43190623333334,36.3306546
POINT (127.4505936333333 36.33465936666666),동구,127.45059363333333,36.33465936666666
POINT (127.44770685 36.34045362499999),동구,127.44770685,36.340453624999995
POINT (127.4248957913961 36.34825859042209),동구,127.42489579139612,36.34825859042209
POINT (127.4170237240428 36.33961962095369),동구,127.41702372404279,36.33961962095369
POINT (127.44159255 36.3472531),동구,127.44159255,36.3472531
POINT (127.4549738989562 36.28723178534086),동구,127.45497389895615,36.28723178534086
POINT (127.444472975 36.336269275),동구,127.444472975,36.336269275
POINT (127.43283085 36.3562796),동구,127.43283085,36.3562796
POINT (127.458556230103 36.33481305990718),동구,127.45855623010301,36.33481305990718
POINT (127.43687515 36.32274495),동구,127.43687514999999,36.32274495
POINT (127.4512867113313 36.3423808034275),동구,127.45128671133135,36.342380803427496
POINT (127.46565455 36.3288812),동구,127.46565455000001,36.3288812
POINT (127.4262548463663 36.35081991347644),동구,127.42625484636629,36.35081991347644
POINT (127.4210013267561 36.34426066672592),동구,127.42100132675607,36.34426066672592
POINT (127.465484387801 36.31844702067464),동구,127.46548438780104,36.31844702067464
POINT (127.4856327576771 36.33602093053317),동구,127.48563275767708,36.336020930533174
POINT (127.4331598064421 36.35867883624746),동구,127.43315980644215,36.358678836247456
POINT (127.44615985 36.31262175000001),동구,127.44615985,36.312621750000005
POINT (127.4656054828145 36.27321186767546),동구,127.46560548281451,36.27321186767546
POINT (127.4323417 36.3537565),동구,127.4323417,36.3537565
POINT (127.4453711533615 36.31446012790438),동구,127.44537115336146,36.31446012790438
POINT (127.4287415889724 36.34778680966678),동구,127.42874158897239,36.34778680966678
POINT (127.4641856467416 36.32577999465433),동구,127.46418564674164,36.32577999465433
POINT (127.4474912 36.33058443333334),동구,127.4474912,36.330584433333335
POINT (127.4348471333333 36.34388943333333),동구,127.43484713333334,36.34388943333333
POINT (127.4592906 36.32770736666667),동구,127.4592906,36.327707366666665
POINT (127.47978405 36.25768155),동구,127.47978405,36.25768155
POINT (127.4596165328385 36.34305702843766),동구,127.45961653283845,36.343057028437656
POINT (127.4318495739394 36.34782554761912),동구,127.43184957393936,36.347825547619124
POINT (127.4315941666667 36.3482861),동구,127.43159416666667,36.3482861
POINT (127.4581035822042 36.32318965219402),동구,127.45810358220423,36.32318965219402
POINT (127.4316773821877 36.3416299998676),동구,127.43167738218767,36.3416299998676
POINT (127.4478908 36.32140933333334),동구,127.4478908,36.321409333333335
POINT (127.42904282 36.35019178),동구,127.42904282,36.35019178
POINT (127.4305661363973 36.33614864056068),동구,127.43056613639729,36.33614864056068
POINT (127.44820426 36.3469416),동구,127.44820426,36.3469416
POINT (127.44714715 36.3213307),동구,127.44714715,36.321330700000004
POINT (127.4666582068571 36.31815955229085),동구,127.46665820685713,36.31815955229085
POINT (127.43383584 36.35405959),동구,127.43383584,36.35405959
POINT (127.4354963039876 36.32832119617054),동구,127.4354963039876,36.32832119617054
POINT (127.4506347 36.34963013333333),동구,127.4506347,36.349630133333335
POINT (127.5100038683172 36.37208013173517),동구,127.51000386831721,36.372080131735174
POINT (127.4499481758421 36.20015677333033),동구,127.44994817584207,36.20015677333033
POINT (127.4426526012386 36.34261688379582),동구,127.44265260123858,36.34261688379582
POINT (127.4452665 36.32669385),동구,127.4452665,36.32669385
POINT (127.45167415 36.3402737),동구,127.45167415,36.3402737
POINT (127.4455392 36.3474061),동구,127.4455392,36.3474061
POINT (127.4766350452569 36.31915957605664),동구,127.47663504525693,36.31915957605664
POINT (127.4272627087721 36.34599316875273),동구,127.42726270877212,36.345993168752734
POINT (127.417625479458 36.33944292043665),동구,127.41762547945801,36.339442920436646
POINT (127.4625233761414 36.32633039004212),동구,127.46252337614136,36.326330390042116
POINT (127.4324023 36.3469086),동구,127.4324023,36.3469086
POINT (127.4937396770294 36.34280187593259),동구,127.4937396770294,36.342801875932594
POINT (127.43274315 36.35183785),동구,127.43274315,36.351837849999995
POINT (127.4262924103292 36.34961368476476),동구,127.42629241032917,36.34961368476476
POINT (127.4181476 36.34011553333333),동구,127.4181476,36.34011553333333
POINT (127.430861 36.3294085),동구,127.430861,36.3294085
POINT (127.4259980175409 36.3473144828688),동구,127.42599801754093,36.3473144828688
POINT (127.4253070841769 36.34665508075155),동구,127.42530708417691,36.34665508075155
POINT (127.4584712666667 36.3246758),동구,127.45847126666666,36.3246758
POINT (127.43218572 36.34995136),동구,127.43218572,36.34995136
POINT (127.4249308909091 36.33875621818181),동구,127.42493089090908,36.338756218181814
POINT (127.434851725 36.3475268),동구,127.434851725,36.3475268
POINT (127.4735978347493 36.37016528507445),동구,127.47359783474934,36.37016528507445
POINT (127.4408622452491 36.21872234977786),동구,127.44086224524912,36.218722349777856
POINT (127.4231763 36.3468546),동구,127.42317630000001,36.3468546
POINT (127.4510135 36.3209619),동구,127.4510135,36.3209619
POINT (127.4561203333333 36.3084836),동구,127.45612033333333,36.3084836
POINT (127.4435778666667 36.335606),동구,127.44357786666667,36.335606
POINT (127.4285026333333 36.3376336),동구,127.42850263333332,36.3376336
POINT (127.4634118 36.28942804),동구,127.4634118,36.28942804
POINT (127.4472985 36.33748945),동구,127.4472985,36.33748945
POINT (127.4733103281125 36.3165479349494),동구,127.47331032811253,36.316547934949405
POINT (127.4643934192378 36.33979709397621),동구,127.46439341923778,36.33979709397621
POINT (127.4442461368478 36.33466419317962),동구,127.44424613684782,36.33466419317962
POINT (127.43114472 36.35178956),동구,127.43114472,36.35178956
POINT (127.44713744 36.3447139),동구,127.44713744,36.3447139
POINT (127.44818293 36.33508853),동구,127.44818293,36.33508853
POINT (127.4473823507609 36.33783273446689),동구,127.44738235076088,36.33783273446689
POINT (127.4452788 36.34919245),동구,127.4452788,36.349192450000004
POINT (127.4863703146293 36.30051205892191),동구,127.48637031462928,36.30051205892191
POINT (127.4665657436457 36.28182701694895),동구,127.46656574364567,36.28182701694895
POINT (127.4493474666667 36.32681703333333),동구,127.44934746666667,36.326817033333334
POINT (127.4291659666667 36.34736643333333),동구,127.42916596666667,36.347366433333335
POINT (127.4293536644027 36.34946905248351),동구,127.42935366440273,36.34946905248351
POINT (127.4447532272727 36.33993444545455),동구,127.44475322727273,36.339934445454546
POINT (127.45718586 36.33296604),동구,127.45718586,36.33296604
POINT (127.43486784 36.3524397),동구,127.43486784,36.3524397
POINT (127.4614687148877 36.31528436422335),동구,127.46146871488773,36.31528436422335
POINT (127.4378025333333 36.3495932),동구,127.43780253333333,36.3495932
POINT (127.4352781 36.35541003333333),동구,127.43527809999999,36.35541003333333
POINT (127.4376659 36.3199637),동구,127.4376659,36.3199637
POINT (127.4513677 36.33549015),동구,127.45136769999999,36.33549015
POINT (127.43590565 36.32394078333333),동구,127.43590565000001,36.323940783333335
POINT (127.4294808 36.34547925),동구,127.4294808,36.34547925
POINT (127.43128765 36.33124985),동구,127.43128765,36.33124985
POINT (127.4493535 36.34538928),동구,127.4493535,36.34538928
POINT (127.4544397057273 36.20124425596614),동구,127.45443970572727,36.20124425596614
POINT (127.4265904511567 36.34029592852354),동구,127.42659045115674,36.34029592852354
POINT (127.44235385 36.3475693),동구,127.44235384999999,36.3475693
POINT (127.4264587866337 36.34052980177896),동구,127.42645878663375,36.340529801778956
POINT (127.4490695 36.32213203333333),동구,127.44906950000001,36.32213203333333
POINT (127.4160725004984 36.34011721346457),동구,127.41607250049837,36.34011721346457
POINT (127.4417957 36.22008936666666),동구,127.4417957,36.22008936666666
POINT (127.4562553518223 36.31600007482268),동구,127.45625535182234,36.31600007482268
POINT (127.4613964585277 36.31946565375149),동구,127.46139645852773,36.31946565375149
POINT (127.45510745 36.33093995),동구,127.45510745,36.33093995
POINT (127.4677676459481 36.31579264001524),동구,127.46776764594813,36.31579264001524
POINT (127.4627735698041 36.33643702860687),동구,127.4627735698041,36.336437028606866
POINT (127.4443818333333 36.32284846666666),동구,127.44438183333334,36.32284846666666
POINT (127.4312824 36.3530442),동구,127.4312824,36.3530442
POINT (127.444917 36.3424571),동구,127.444917,36.342457100000004
POINT (127.4327073666667 36.35450266666667),동구,127.43270736666666,36.35450266666667
POINT (127.433785 36.33953535000001),동구,127.433785,36.339535350000006
POINT (127.44117838 36.34810488),동구,127.44117838000001,36.34810488
POINT (127.4918410915472 36.3386830440425),동구,127.49184109154717,36.3386830440425
POINT (127.44393705 36.34051765),동구,127.44393705,36.340517649999995
POINT (127.4363788 36.3457774),동구,127.4363788,36.3457774
POINT (127.4541411493507 36.35151121503057),동구,127.4541411493507,36.35151121503057
POINT (127.431627 36.3443185),동구,127.43162699999999,36.3443185
POINT (127.4288551666667 36.33170863333334),동구,127.42885516666666,36.331708633333335
POINT (127.4750784377697 36.26320431111296),동구,127.47507843776972,36.263204311112965
POINT (127.4384557 36.34565480000001),동구,127.43845569999999,36.345654800000005
POINT (127.4487381 36.330972575),동구,127.4487381,36.330972575
POINT (127.4512858988738 36.32768002099628),동구,127.45128589887383,36.32768002099628
POINT (127.44495894 36.34239722),동구,127.44495894,36.34239722
POINT (127.44206255 36.33790395),동구,127.44206255,36.33790395
POINT (127.4581778 36.30636916666666),동구,127.4581778,36.30636916666666
POINT (127.4667652773189 36.39875548534219),동구,127.46676527731886,36.398755485342186
POINT (127.44237845 36.32985415),동구,127.44237845,36.32985415
POINT (127.4545385 36.3270829),동구,127.45453850000001,36.3270829
POINT (127.4277996090909 36.34317518181818),동구,127.42779960909091,36.34317518181818
POINT (127.442292695829 36.33641920688984),동구,127.44229269582904,36.336419206889836
POINT (127.4442349 36.35015366666666),동구,127.4442349,36.350153666666664
POINT (127.44351745 36.33180495),동구,127.44351745,36.33180495
POINT (127.4260376166667 36.34762113333333),동구,127.42603761666666,36.347621133333334
POINT (127.4729804541076 36.37367785184071),동구,127.47298045410764,36.37367785184071
POINT (127.440125875 36.34411559999999),동구,127.44012587499999,36.344115599999995
POINT (127.4662497666667 36.33060746666667),동구,127.46624976666666,36.33060746666667
POINT (127.4562913 36.2282358),동구,127.4562913,36.2282358
POINT (127.43028855 36.3386061),동구,127.43028855,36.3386061
POINT (127.4584540333333 36.3248619),동구,127.45845403333334,36.3248619
POINT (127.44080555 36.32897205),동구,127.44080555,36.32897205
POINT (127.46884175 36.27456),동구,127.46884175,36.27456
POINT (127.4455855757316 36.33679620158803),동구,127.44558557573156,36.33679620158803
POINT (127.43516804 36.32803490000001),동구,127.43516804,36.328034900000006
POINT (127.4737680689041 36.34862961495037),동구,127.47376806890405,36.34862961495037
POINT (127.4199327 36.340552025),동구,127.4199327,36.340552025
POINT (127.4409510333333 36.31417431666667),동구,127.44095103333333,36.314174316666666
POINT (127.4386818305245 36.34805680945793),동구,127.43868183052452,36.34805680945793
POINT (127.46461785 36.28201305),동구,127.46461785,36.28201305
POINT (127.4263130029029 36.35032178748328),동구,127.42631300290289,36.35032178748328
POINT (127.4334438090909 36.32539542727272),동구,127.4334438090909,36.325395427272724
POINT (127.4549174 36.3504889),동구,127.4549174,36.3504889
POINT (127.4391152 36.31897963333333),동구,127.4391152,36.318979633333335
POINT (127.4275707 36.332497675),동구,127.4275707,36.332497675
POINT (127.45954545 36.324831875),동구,127.45954545000001,36.324831875
POINT (127.4392261833333 36.32038421666667),동구,127.43922618333333,36.32038421666667
POINT (127.4318007 36.35205655),동구,127.4318007,36.35205655
POINT (127.4604354363636 36.32384799090909),동구,127.46043543636364,36.323847990909094
POINT (127.4531319666667 36.3382628),동구,127.45313196666666,36.338262799999995
POINT (127.41958045 36.3311966),중구,127.41958045,36.3311966
POINT (127.4120994156629 36.31513847673462),중구,127.41209941566294,36.31513847673462
POINT (127.4027891166667 36.3092831),중구,127.40278911666667,36.3092831
POINT (127.39087686 36.3059219),중구,127.39087685999999,36.3059219
POINT (127.4523612541101 36.30153378912489),중구,127.45236125411012,36.30153378912489
POINT (127.4130606909091 36.33574083636364),중구,127.41306069090909,36.33574083636364
POINT (127.4262663 36.32722495),중구,127.42626630000001,36.32722495
POINT (127.3910446 36.31546833333333),중구,127.3910446,36.31546833333333
POINT (127.42821005 36.32434195),중구,127.42821004999999,36.324341950000004
POINT (127.44643325 36.305995),중구,127.44643325000001,36.305994999999996
POINT (127.4281339166667 36.32522313333334),중구,127.42813391666667,36.32522313333334
POINT (127.4236771454791 36.31835176950499),중구,127.42367714547908,36.31835176950499
POINT (127.4114209894042 36.30836331054275),중구,127.41142098940418,36.308363310542745
POINT (127.4042833333333 36.30607136666667),중구,127.40428333333334,36.30607136666667
POINT (127.3994897 36.3071656),중구,127.3994897,36.3071656
POINT (127.4056595 36.3180304),중구,127.4056595,36.3180304
POINT (127.4121132781342 36.34275503904969),중구,127.41211327813419,36.34275503904969
POINT (127.429606475 36.328513175),중구,127.429606475,36.328513175
POINT (127.4051224727273 36.33049263636364),중구,127.40512247272727,36.33049263636364
POINT (127.4115008 36.33652265000001),중구,127.4115008,36.336522650000006
POINT (127.4383671333333 36.3150473),중구,127.43836713333333,36.3150473
POINT (127.4163118666667 36.33227683333334),중구,127.41631186666666,36.33227683333334
POINT (127.4101723130785 36.33146495706936),중구,127.41017231307849,36.331464957069365
POINT (127.41550025 36.32900845),중구,127.41550025000001,36.32900845
POINT (127.41943965 36.316740825),중구,127.41943965,36.316740825
POINT (127.426482337837 36.331395453548),중구,127.42648233783703,36.331395453548
POINT (127.4261033630205 36.33008927271679),중구,127.42610336302052,36.33008927271679
POINT (127.39406188 36.31756008),중구,127.39406188000001,36.31756008
POINT (127.43673985 36.31331915),중구,127.43673985,36.31331915
POINT (127.4320932 36.32059683333333),중구,127.4320932,36.32059683333333
POINT (127.4142754 36.321039525),중구,127.41427540000001,36.321039525
POINT (127.4372753666667 36.31035713333333),중구,127.43727536666667,36.31035713333333
POINT (127.389804575 36.31323685),중구,127.389804575,36.31323685
POINT (127.4196601727273 36.33488632727273),중구,127.41966017272726,36.33488632727273
POINT (127.37922804 36.29179952),중구,127.37922804,36.29179952
POINT (127.4317789 36.32222355),중구,127.43177890000001,36.322223550000004
POINT (127.4036122454546 36.33193532727272),중구,127.40361224545455,36.331935327272724
POINT (127.4152824683251 36.31512126997742),중구,127.41528246832515,36.315121269977425
POINT (127.41890046 36.32353808000001),중구,127.41890046,36.323538080000006
POINT (127.4397956770946 36.30609472138292),중구,127.43979567709457,36.30609472138292
POINT (127.39548495 36.3192107),중구,127.39548495,36.3192107
POINT (127.3956599166667 36.32140586666667),중구,127.39565991666666,36.321405866666666
POINT (127.42779795 36.3158542),중구,127.42779795,36.315854200000004
POINT (127.4343106272727 36.31019407272727),중구,127.43431062727272,36.31019407272727
POINT (127.42585414 36.31767462),중구,127.42585414,36.31767462
POINT (127.43479865 36.3206435),중구,127.43479865,36.3206435
POINT (127.4059232333333 36.3174326),중구,127.40592323333334,36.317432600000004
POINT (127.446555625 36.30604585),중구,127.446555625,36.30604585
POINT (127.4385776 36.31202693333334),중구,127.4385776,36.312026933333335
POINT (127.4288825 36.3213433),중구,127.4288825,36.321343299999995
POINT (127.39906137805 36.33327284527907),중구,127.39906137804999,36.33327284527907
POINT (127.4447161333333 36.3104266),중구,127.44471613333333,36.3104266
POINT (127.3886541399766 36.27056794310992),중구,127.38865413997657,36.27056794310992
POINT (127.45355436 36.29424505),중구,127.45355436,36.29424505
POINT (127.3806006226939 36.27442814690701),중구,127.38060062269386,36.27442814690701
POINT (127.4356101333333 36.31078423333333),중구,127.43561013333334,36.31078423333333
POINT (127.4271617330697 36.31549258266465),중구,127.4271617330697,36.315492582664646
POINT (127.43430645 36.31942485),중구,127.43430645,36.319424850000004
POINT (127.4060919 36.31006325),중구,127.4060919,36.31006325
POINT (127.4110687 36.33959845),중구,127.4110687,36.33959845
POINT (127.3972608498777 36.33280683272945),중구,127.39726084987774,36.332806832729446
POINT (127.4106824 36.3273156),중구,127.4106824,36.3273156
POINT (127.39251824 36.31355972),중구,127.39251824,36.31355972
POINT (127.4116967363636 36.33537129090909),중구,127.41169673636364,36.335371290909094
POINT (127.4564836333333 36.2971165),중구,127.45648363333333,36.2971165
POINT (127.4086908444878 36.26791849965402),중구,127.40869084448778,36.267918499654016
POINT (127.38843085 36.29630765),중구,127.38843084999999,36.29630765
POINT (127.45324702 36.29601506),중구,127.45324702,36.29601506
POINT (127.4217269333333 36.32827226666667),중구,127.42172693333333,36.328272266666666
POINT (127.422858825 36.329225425),중구,127.422858825,36.329225425000004
POINT (127.4171671662369 36.31883355620782),중구,127.41716716623687,36.31883355620782
POINT (127.41155835 36.3433694),중구,127.41155835,36.3433694
POINT (127.4343566 36.32033892),중구,127.4343566,36.32033892
POINT (127.4034891 36.30721296),중구,127.4034891,36.30721296
POINT (127.4111405646034 36.31058045479489),중구,127.4111405646034,36.31058045479489
POINT (127.3981344840247 36.25472734742723),중구,127.39813448402472,36.254727347427234
POINT (127.394970230312 36.30859874400397),중구,127.39497023031198,36.30859874400397
POINT (127.3730511 36.28895632),중구,127.3730511,36.288956320000004
POINT (127.4041764512252 36.34809911765153),중구,127.40417645122521,36.34809911765153
POINT (127.4023597547861 36.32025689531985),중구,127.40235975478612,36.32025689531985
POINT (127.43775244 36.31632158),중구,127.43775244000001,36.31632158
POINT (127.4116174090909 36.34177486363636),중구,127.41161740909091,36.34177486363636
POINT (127.41997155 36.31862049999999),중구,127.41997155,36.318620499999994
POINT (127.4000976916667 36.31752359166666),중구,127.40009769166666,36.317523591666664
POINT (127.3943672055596 36.30934707371402),중구,127.39436720555965,36.309347073714015
POINT (127.3915815333333 36.31182686666667),중구,127.39158153333334,36.31182686666667
POINT (127.4360567666667 36.3111195),중구,127.43605676666667,36.311119500000004
POINT (127.43365275 36.31352695),중구,127.43365275,36.313526949999996
POINT (127.4410398678596 36.30740476024264),중구,127.44103986785964,36.30740476024264
POINT (127.436660825 36.3101485),중구,127.436660825,36.3101485
POINT (127.4180463 36.328408975),중구,127.4180463,36.328408975
POINT (127.41511415 36.317952325),중구,127.41511415,36.317952325
POINT (127.4080057976944 36.26432241917624),중구,127.40800579769444,36.26432241917624
POINT (127.4222259666667 36.3309803),중구,127.42222596666667,36.3309803
POINT (127.4485818 36.30639655),중구,127.4485818,36.30639655
POINT (127.40123285 36.3342234),중구,127.40123285,36.3342234
POINT (127.400351 36.31717518),중구,127.400351,36.31717518
POINT (127.4185555 36.33079443333334),중구,127.4185555,36.33079443333334
POINT (127.39647552 36.32104134),중구,127.39647552,36.32104134
POINT (127.3846123666667 36.30297201666666),중구,127.38461236666666,36.302972016666665
POINT (127.4094806 36.33553168333334),중구,127.40948060000001,36.335531683333336
POINT (127.39331666 36.32175984),중구,127.39331666000001,36.32175984
POINT (127.40562692 36.3300497),중구,127.40562692,36.3300497
POINT (127.4095734116133 36.33648592439809),중구,127.40957341161327,36.33648592439809
POINT (127.4074205387267 36.31741896681786),중구,127.40742053872667,36.31741896681786
POINT (127.3932452666667 36.30704556666667),중구,127.39324526666667,36.307045566666666
POINT (127.4277727063988 36.31480689254781),중구,127.42777270639881,36.31480689254781
POINT (127.4199956 36.31900385),중구,127.4199956,36.31900385
POINT (127.4389091 36.31387755),중구,127.43890909999999,36.31387755
POINT (127.3883184350782 36.31787017899062),중구,127.38831843507818,36.31787017899062
POINT (127.4076631333333 36.2783184),중구,127.40766313333333,36.2783184
POINT (127.418797 36.32665196666667),중구,127.418797,36.32665196666667
POINT (127.3770757124198 36.28206743064224),중구,127.37707571241982,36.282067430642236
POINT (127.4109201 36.3333312),중구,127.4109201,36.3333312
POINT (127.3902926735186 36.29454939153381),중구,127.39029267351859,36.294549391533806
POINT (127.3887649666667 36.30880146666667),중구,127.38876496666667,36.308801466666665
POINT (127.4022132 36.31541665),중구,127.4022132,36.31541665
POINT (127.41861835 36.33462865),중구,127.41861835,36.33462865
POINT (127.4154793948861 36.333154874816),중구,127.4154793948861,36.333154874815996
POINT (127.3953864 36.3059999),중구,127.3953864,36.3059999
POINT (127.4565125 36.29650196666667),중구,127.4565125,36.29650196666667
POINT (127.4118080333333 36.32803626666667),중구,127.41180803333333,36.32803626666667
POINT (127.3868862710162 36.30480309532267),중구,127.3868862710162,36.30480309532267
POINT (127.4311155941338 36.31946530568054),중구,127.43111559413384,36.319465305680545
POINT (127.397287538156 36.25463576049236),중구,127.39728753815602,36.254635760492356
POINT (127.42712724 36.31575168000001),중구,127.42712724,36.315751680000005
POINT (127.4103215 36.32320145),중구,127.4103215,36.32320145
POINT (127.420241 36.3356114),중구,127.420241,36.335611400000005
POINT (127.391084340558 36.30660477182563),중구,127.39108434055804,36.306604771825626
POINT (127.4150771503735 36.32035703634075),중구,127.41507715037349,36.32035703634075
POINT (127.39458046 36.32740896),중구,127.39458046,36.32740896
POINT (127.3936617576814 36.31738137030058),중구,127.39366175768137,36.31738137030058
POINT (127.3968418833333 36.31521573333333),중구,127.39684188333332,36.31521573333333
POINT (127.4033634816009 36.31773489610772),중구,127.4033634816009,36.31773489610772
POINT (127.4267403561686 36.32231885064063),중구,127.42674035616861,36.32231885064063
POINT (127.393963175 36.3183439),중구,127.39396317500001,36.3183439
POINT (127.3851039083333 36.29584679166667),중구,127.38510390833333,36.29584679166667
POINT (127.423265 36.32272595),중구,127.423265,36.32272595
POINT (127.3917133060398 36.30765676007562),중구,127.39171330603983,36.30765676007562
POINT (127.4177588196249 36.3235116730928),중구,127.41775881962488,36.323511673092796
POINT (127.3905013 36.3063529),중구,127.39050130000001,36.3063529
POINT (127.3969355823496 36.29790558413647),중구,127.39693558234964,36.297905584136466
POINT (127.4176423818182 36.33778420909091),중구,127.41764238181817,36.33778420909091
POINT (127.435404925 36.319068675),중구,127.435404925,36.319068675
POINT (127.397584 36.33173960000001),중구,127.397584,36.331739600000006
POINT (127.4161869545455 36.33437314545455),중구,127.41618695454545,36.33437314545455
POINT (127.3873160596904 36.30174326191225),중구,127.3873160596904,36.30174326191225
POINT (127.42633395 36.3173302),중구,127.42633395,36.3173302
POINT (127.4312943333333 36.3194092),중구,127.43129433333333,36.319409199999996
POINT (127.3877109044505 36.31583528594515),중구,127.38771090445054,36.31583528594515
POINT (127.3753414502195 36.28476691967383),중구,127.37534145021952,36.28476691967383
POINT (127.3780861 36.28670676666667),중구,127.37808609999999,36.28670676666667
POINT (127.4299237 36.31271295),중구,127.4299237,36.31271295
POINT (127.3933122333333 36.32804283333333),중구,127.39331223333333,36.328042833333335
POINT (127.4198614 36.3295321),중구,127.4198614,36.3295321
POINT (127.409495054052 36.32829637184228),중구,127.409495054052,36.328296371842285
POINT (127.3964288333333 36.3308929),중구,127.39642883333333,36.3308929
POINT (127.387774467934 36.31485542688945),중구,127.38777446793401,36.31485542688945
POINT (127.41115705 36.3115851),중구,127.41115705,36.3115851
POINT (127.4166072333333 36.33082943333334),중구,127.41660723333334,36.330829433333335
POINT (127.3974967764127 36.29210556941194),중구,127.39749677641265,36.292105569411945
POINT (127.4172846666667 36.31943053333333),중구,127.41728466666666,36.31943053333333
POINT (127.409326925 36.321573975),중구,127.409326925,36.321573975
POINT (127.44456292 36.31081375999999),중구,127.44456292,36.310813759999995
POINT (127.3895445510388 36.31021197123916),중구,127.38954455103881,36.31021197123916
POINT (127.3909850666667 36.30560733333333),중구,127.39098506666666,36.305607333333334
POINT (127.4120065 36.34256743333334),중구,127.41200649999999,36.342567433333336
POINT (127.4105900333333 36.32307343333333),중구,127.41059003333334,36.323073433333334
POINT (127.4122576 36.31693623333333),중구,127.41225759999999,36.31693623333333
POINT (127.4115949 36.33466009090909),중구,127.4115949,36.33466009090909
POINT (127.4016642714161 36.30774041044925),중구,127.40166427141608,36.30774041044925
POINT (127.3637939166667 36.348604125),서구,127.36379391666667,36.348604125
POINT (127.3855292663935 36.32870791295699),서구,127.3855292663935,36.328707912956986
POINT (127.3800425666667 36.3350437),서구,127.38004256666666,36.3350437
POINT (127.3362678916667 36.29893604166666),서구,127.33626789166667,36.298936041666664
POINT (127.3711336333333 36.3545255),서구,127.37113363333333,36.3545255
POINT (127.3935158739261 36.37041878151494),서구,127.39351587392613,36.37041878151494
POINT (127.3575446044477 36.35675557903873),서구,127.35754460444767,36.35675557903873
POINT (127.3357261 36.3039738),서구,127.3357261,36.3039738
POINT (127.4004264 36.34947866666667),서구,127.4004264,36.34947866666667
POINT (127.3763657432009 36.35067487878698),서구,127.37636574320092,36.35067487878698
POINT (127.336224273455 36.19582452314031),서구,127.33622427345503,36.19582452314031
POINT (127.3964111791401 36.34077748790999),서구,127.3964111791401,36.34077748790999
POINT (127.3219000333333 36.2947434),서구,127.32190003333334,36.2947434
POINT (127.3947279333333 36.34619816666667),서구,127.39472793333333,36.34619816666667
POINT (127.374566 36.31201513333333),서구,127.374566,36.31201513333333
POINT (127.3300791 36.2959248),서구,127.3300791,36.2959248
POINT (127.3965410104193 36.35506409980023),서구,127.39654101041926,36.35506409980023
POINT (127.3709441027037 36.30524483765647),서구,127.37094410270372,36.30524483765647
POINT (127.3810123321897 36.31102375811983),서구,127.38101233218966,36.31102375811983
POINT (127.37777412 36.32807234),서구,127.37777412,36.32807234
POINT (127.3958808666667 36.34036446666666),서구,127.39588086666667,36.340364466666664
POINT (127.3872124 36.3513001),서구,127.38721240000001,36.3513001
POINT (127.368176375 36.329886575),서구,127.368176375,36.329886574999996
POINT (127.3463335333333 36.3245882),서구,127.34633353333334,36.3245882
POINT (127.35371385 36.3474099),서구,127.35371384999999,36.3474099
POINT (127.3418823139575 36.25133629283915),서구,127.34188231395754,36.25133629283915
POINT (127.37618315 36.36866),서구,127.37618315,36.36866
POINT (127.38227076 36.36752584),서구,127.38227076,36.36752584
POINT (127.3692800172602 36.35176893232853),서구,127.36928001726015,36.351768932328525
POINT (127.39938162 36.350389),서구,127.39938162,36.350389
POINT (127.3680922 36.356164475),서구,127.36809219999999,36.356164475
POINT (127.3524603 36.31134263333333),서구,127.35246029999999,36.31134263333333
POINT (127.3295537013708 36.28791034440639),서구,127.32955370137076,36.28791034440639
POINT (127.330516822551 36.26894102498188),서구,127.33051682255098,36.26894102498188
POINT (127.395904 36.34619086666667),서구,127.395904,36.34619086666667
POINT (127.3708767254272 36.35555908989343),서구,127.37087672542717,36.355559089893426
POINT (127.3546999299561 36.29630399637916),서구,127.35469992995606,36.29630399637916
POINT (127.3375540666667 36.29659536666666),서구,127.33755406666667,36.296595366666665
POINT (127.37903145 36.317449725),서구,127.37903145,36.317449725
POINT (127.38949165 36.33796355),서구,127.38949165,36.33796355
POINT (127.3560253506593 36.35343408571524),서구,127.35602535065931,36.353434085715236
POINT (127.3629526181571 36.35201443762136),서구,127.36295261815714,36.352014437621364
POINT (127.3784514 36.34173629999999),서구,127.37845139999999,36.341736299999994
POINT (127.3887435939261 36.32778584818856),서구,127.38874359392614,36.32778584818856
POINT (127.3586531651093 36.30453148390556),서구,127.35865316510933,36.304531483905556
POINT (127.37918295 36.31166395),서구,127.37918295,36.311663949999996
POINT (127.3498557161692 36.30658415992296),서구,127.34985571616924,36.30658415992296
POINT (127.38748455 36.34216805),서구,127.38748455,36.34216805
POINT (127.37884675 36.2959707),서구,127.37884675000001,36.2959707
POINT (127.3844845666667 36.3414954),서구,127.38448456666667,36.3414954
POINT (127.37167776 36.34547969),서구,127.37167776,36.34547969
POINT (127.379087 36.3418824),서구,127.379087,36.3418824
POINT (127.36923304 36.33197662),서구,127.36923304,36.33197662
POINT (127.382955 36.3470197),서구,127.382955,36.3470197
POINT (127.35462935 36.35383415),서구,127.35462935000001,36.35383415
POINT (127.37884495 36.3184027),서구,127.37884495,36.3184027
POINT (127.36653896 36.34859754),서구,127.36653896,36.34859754
POINT (127.3868583 36.3391683),서구,127.3868583,36.3391683
POINT (127.347946 36.3209231),서구,127.34794600000001,36.3209231
POINT (127.37547045 36.30997395),서구,127.37547045,36.30997395
POINT (127.37174955 36.36133625),서구,127.37174955,36.36133625
POINT (127.36495886 36.357406),서구,127.36495886,36.357406
POINT (127.3771648 36.36560103333333),서구,127.3771648,36.365601033333334
POINT (127.3733604710478 36.35080137366488),서구,127.37336047104785,36.35080137366488
POINT (127.35378935 36.30088295),서구,127.35378935,36.30088295
POINT (127.3215824 36.24089963333333),서구,127.3215824,36.240899633333335
POINT (127.37709495 36.34666455),서구,127.37709495,36.34666455
POINT (127.3703844909091 36.36592110909091),서구,127.37038449090909,36.365921109090905
POINT (127.3939357 36.3558219),서구,127.3939357,36.3558219
POINT (127.3738990876006 36.36023077974836),서구,127.37389908760059,36.360230779748356
POINT (127.36963445 36.34755165),서구,127.36963445,36.34755165
POINT (127.37803456 36.297332),서구,127.37803456,36.297332000000004
POINT (127.3439324 36.31870125),서구,127.3439324,36.318701250000004
POINT (127.33885625 36.3307722),서구,127.33885624999999,36.3307722
POINT (127.3938061 36.36486155),서구,127.3938061,36.36486155
POINT (127.3801695 36.3166009),서구,127.3801695,36.3166009
POINT (127.3553046333333 36.2972469),서구,127.35530463333333,36.2972469
POINT (127.3653284597965 36.30555499994396),서구,127.36532845979649,36.305554999943965
POINT (127.3568984 36.2947325),서구,127.3568984,36.2947325
POINT (127.368763975 36.345001575),서구,127.36876397500001,36.345001575
POINT (127.32578456 36.29510586),서구,127.32578456,36.29510586
POINT (127.3871093 36.33355659999999),서구,127.3871093,36.333556599999994
POINT (127.3735784 36.32250268333333),서구,127.3735784,36.32250268333333
POINT (127.3804831181818 36.33666283636364),서구,127.38048311818181,36.33666283636364
POINT (127.39243345 36.3458155),서구,127.39243345,36.3458155
POINT (127.37808735 36.3418934),서구,127.37808735,36.341893400000004
POINT (127.3910476666667 36.338333),서구,127.39104766666667,36.338333
POINT (127.3693626 36.311943775),서구,127.3693626,36.311943775
POINT (127.38850098 36.32765638),서구,127.38850098,36.32765638
POINT (127.3772907050487 36.34799434592198),서구,127.37729070504871,36.347994345921975
POINT (127.3525077027766 36.34959534541728),서구,127.35250770277658,36.349595345417285
POINT (127.3736467 36.36585225),서구,127.3736467,36.36585225
POINT (127.3784952 36.3324005),서구,127.3784952,36.3324005
POINT (127.3246032 36.29614195),서구,127.32460320000001,36.29614195
POINT (127.3692088370226 36.31350484475078),서구,127.36920883702264,36.31350484475078
POINT (127.380950925 36.31764365),서구,127.38095092500001,36.31764365
POINT (127.3207327291973 36.25296992636065),서구,127.32073272919732,36.25296992636065
POINT (127.3730276 36.31934093333333),서구,127.3730276,36.31934093333333
POINT (127.376759840573 36.37050953866757),서구,127.37675984057304,36.37050953866757
POINT (127.3488360458586 36.31599989303355),서구,127.34883604585865,36.31599989303355
POINT (127.3240471 36.2960311),서구,127.3240471,36.2960311
POINT (127.3661523333333 36.34430426666667),서구,127.36615233333333,36.34430426666667
POINT (127.3730334649766 36.30783694746975),서구,127.3730334649766,36.307836947469745
POINT (127.3708781913765 36.30370998617911),서구,127.37087819137646,36.30370998617911
POINT (127.377599075 36.3345249),서구,127.377599075,36.3345249
POINT (127.3611057 36.35477935),서구,127.3611057,36.35477935
POINT (127.37958215 36.3152546),서구,127.37958215,36.3152546
POINT (127.3375750093792 36.25193946329963),서구,127.33757500937922,36.25193946329963
POINT (127.388160343026 36.34853325474543),서구,127.38816034302599,36.348533254745426
POINT (127.39643235 36.3356511),서구,127.39643235,36.3356511
POINT (127.361152475 36.3556911),서구,127.361152475,36.3556911
POINT (127.3841064 36.32918575),서구,127.38410640000001,36.32918575
POINT (127.34110875 36.25311885),서구,127.34110874999999,36.25311885
POINT (127.372004725 36.328170925),서구,127.372004725,36.328170925
POINT (127.3917528545455 36.33821450909091),서구,127.39175285454546,36.33821450909091
POINT (127.3913015727273 36.34184029999999),서구,127.39130157272727,36.341840299999994
POINT (127.3794003363636 36.33786561818182),서구,127.37940033636363,36.337865618181816
POINT (127.36954895 36.35207365),서구,127.36954895,36.35207365
POINT (127.3605572219801 36.35299148501744),서구,127.36055722198007,36.35299148501744
POINT (127.3881093935113 36.3269852922966),서구,127.38810939351134,36.3269852922966
POINT (127.3783519 36.3681938),서구,127.3783519,36.3681938
POINT (127.37948605 36.29559515),서구,127.37948605,36.29559515
POINT (127.3774507666667 36.3476074),서구,127.37745076666667,36.3476074
POINT (127.3846340514011 36.35564433282526),서구,127.38463405140114,36.355644332825264
POINT (127.3511482929402 36.29954129881066),서구,127.35114829294015,36.29954129881066
POINT (127.3667890666667 36.27857563333333),서구,127.36678906666667,36.27857563333333
POINT (127.365757325 36.35809525),서구,127.365757325,36.35809525
POINT (127.3645547666667 36.3553972),서구,127.36455476666667,36.3553972
POINT (127.39308765 36.3399926),서구,127.39308765,36.3399926
POINT (127.3672832 36.31834396666667),서구,127.3672832,36.31834396666667
POINT (127.37375175 36.3230923),서구,127.37375175,36.3230923
POINT (127.3625986 36.3552755),서구,127.3625986,36.355275500000005
POINT (127.34201045 36.25353625),서구,127.34201045,36.253536249999996
POINT (127.356480282863 36.30602798664817),서구,127.35648028286303,36.306027986648175
POINT (127.3490884079659 36.2982300812496),서구,127.34908840796585,36.2982300812496
POINT (127.3789126 36.35360816666667),서구,127.3789126,36.35360816666667
POINT (127.3899611 36.33248399999999),서구,127.3899611,36.332483999999994
POINT (127.3793475 36.34094576666666),서구,127.37934750000001,36.340945766666664
POINT (127.35404565 36.3001458),서구,127.35404565,36.3001458
POINT (127.3723344012206 36.33510301543556),서구,127.3723344012206,36.335103015435564
POINT (127.3704725333333 36.32625595),서구,127.37047253333333,36.326255950000004
POINT (127.35554945 36.30455705),서구,127.35554945,36.30455705
POINT (127.3873502583333 36.34598334166667),서구,127.38735025833334,36.34598334166667
POINT (127.3666414 36.34194615),서구,127.36664139999999,36.34194615
POINT (127.3833252845946 36.32921375006902),서구,127.38332528459465,36.32921375006902
POINT (127.3876791809727 36.35028128000662),서구,127.38767918097273,36.35028128000662
POINT (127.3244471416667 36.29529859166666),서구,127.32444714166667,36.295298591666665
POINT (127.3627043133088 36.30663296530314),서구,127.36270431330875,36.30663296530314
POINT (127.3413482795068 36.25441637500926),서구,127.34134827950682,36.25441637500926
POINT (127.35656095 36.35372951666667),서구,127.35656095,36.35372951666667
POINT (127.3794334333333 36.36029636666667),서구,127.37943343333333,36.36029636666667
POINT (127.3937080166667 36.3449895),서구,127.39370801666666,36.3449895
POINT (127.3957404 36.33815715),서구,127.3957404,36.33815715
POINT (127.3165469895096 36.23079836869913),서구,127.31654698950963,36.230798368699126
POINT (127.370842925 36.334300525),서구,127.370842925,36.334300525
POINT (127.3757533537014 36.33750381138964),서구,127.37575335370138,36.33750381138964
POINT (127.3749218 36.3414331),서구,127.3749218,36.3414331
POINT (127.3699337 36.33449475),서구,127.36993369999999,36.334494750000005
POINT (127.38830344 36.3389611),서구,127.38830344,36.3389611
POINT (127.3749717333333 36.30842431666667),서구,127.37497173333334,36.30842431666667
POINT (127.3689496709866 36.30364755912849),서구,127.36894967098658,36.30364755912849
POINT (127.395985725 36.348553075),서구,127.395985725,36.348553075
POINT (127.3678029380969 36.32071013976459),서구,127.36780293809689,36.32071013976459
POINT (127.3738272666667 36.3465594),서구,127.37382726666667,36.3465594
POINT (127.36665464 36.33881682),서구,127.36665464000001,36.33881682
POINT (127.33358695 36.3066239),서구,127.33358695,36.3066239
POINT (127.3413327580395 36.30381113694757),서구,127.3413327580395,36.30381113694757
POINT (127.37167865 36.36546749999999),서구,127.37167865,36.365467499999994
POINT (127.376001625 36.3236205),서구,127.376001625,36.3236205
POINT (127.38935015 36.3450974),서구,127.38935015,36.3450974
POINT (127.3919766421996 36.35980290600235),서구,127.39197664219957,36.35980290600235
POINT (127.3661637835037 36.34650892852652),서구,127.36616378350368,36.34650892852652
POINT (127.3716433 36.316147),서구,127.3716433,36.316147
POINT (127.3530804687394 36.30600775338662),서구,127.35308046873944,36.306007753386616
POINT (127.37792865 36.31094835),서구,127.37792865,36.310948350000004
POINT (127.3952739 36.35722815),서구,127.3952739,36.35722815
POINT (127.393460217229 36.36517639632567),서구,127.39346021722902,36.365176396325666
POINT (127.3620541303212 36.28994618112618),서구,127.36205413032121,36.28994618112618
POINT (127.380531 36.29909685),서구,127.380531,36.29909685
POINT (127.3826462022133 36.35491728425902),서구,127.3826462022133,36.354917284259024
POINT (127.36327248 36.3526791),서구,127.36327248,36.3526791
POINT (127.37933225 36.34355365),서구,127.37933225,36.343553650000004
POINT (127.35152881 36.29932534),서구,127.35152880999999,36.29932534
POINT (127.37854005 36.3390585),서구,127.37854005,36.3390585
POINT (127.3339863 36.30790606666667),서구,127.3339863,36.30790606666667
POINT (127.3477154797869 36.32567780825548),서구,127.3477154797869,36.325677808255485
POINT (127.3399310916667 36.30045803333334),서구,127.33993109166667,36.300458033333335
POINT (127.3906968545455 36.33321289090909),서구,127.39069685454545,36.33321289090909
POINT (127.36921806 36.32907432),서구,127.36921806,36.32907432
POINT (127.3987144333333 36.34949056666667),서구,127.39871443333334,36.34949056666667
POINT (127.384019575 36.336371375),서구,127.384019575,36.336371375
POINT (127.3936642183636 36.37059959604822),서구,127.39366421836357,36.37059959604822
POINT (127.37751812 36.35527352),서구,127.37751812,36.35527352
POINT (127.3903910666667 36.36476233333334),서구,127.39039106666667,36.36476233333334
POINT (127.3682814 36.3383337),서구,127.3682814,36.3383337
POINT (127.3742455629545 36.31623129834823),서구,127.37424556295454,36.31623129834823
POINT (127.3481362 36.3176684),서구,127.3481362,36.3176684
POINT (127.3653687333333 36.35986763333334),서구,127.36536873333333,36.35986763333334
POINT (127.4009379 36.35012105),서구,127.4009379,36.35012105
POINT (127.3884597940902 36.34535161736569),서구,127.38845979409021,36.34535161736569
POINT (127.3349651166667 36.29893258333333),서구,127.33496511666667,36.29893258333333
POINT (127.3822500824689 36.34021825640534),서구,127.38225008246887,36.34021825640534
POINT (127.3358826666667 36.30791676666666),서구,127.33588266666666,36.307916766666665
POINT (127.3448381118615 36.23734222082129),서구,127.34483811186149,36.23734222082129
POINT (127.3770969 36.3260947),서구,127.3770969,36.3260947
POINT (127.3711419333333 36.34693006666667),서구,127.37114193333333,36.346930066666665
POINT (127.3840806166667 36.35205651666667),서구,127.38408061666667,36.35205651666667
POINT (127.3739393333333 36.33517096666667),서구,127.37393933333334,36.33517096666667
POINT (127.3842059636364 36.33765873636364),서구,127.38420596363636,36.337658736363636
POINT (127.37279244 36.35947305),서구,127.37279244,36.35947305
POINT (127.38252955 36.345996325),서구,127.38252955,36.345996325
POINT (127.39577862 36.34240148),서구,127.39577862,36.34240148
POINT (127.3699856853017 36.34561565204928),서구,127.36998568530166,36.34561565204928
POINT (127.3604001659048 36.29901345174813),서구,127.36040016590485,36.29901345174813
POINT (127.37399805 36.3480725),서구,127.37399805,36.3480725
POINT (127.3772499666667 36.32980826666667),서구,127.37724996666667,36.32980826666667
POINT (127.37747205 36.30996825),서구,127.37747205,36.30996825
POINT (127.3934440429987 36.36865909718273),서구,127.39344404299871,36.36865909718273
POINT (127.36792056 36.35422431),서구,127.36792056,36.35422431
POINT (127.3954662333333 36.34763213333333),서구,127.39546623333334,36.347632133333335
POINT (127.3687391 36.3125487),서구,127.3687391,36.3125487
POINT (127.3352122270137 36.26494362747711),서구,127.33521222701373,36.26494362747711
POINT (127.3753316422938 36.30788872468165),서구,127.37533164229383,36.30788872468165
POINT (127.3704944909091 36.35626905454546),서구,127.3704944909091,36.35626905454546
POINT (127.36161085 36.35569203333333),서구,127.36161084999999,36.355692033333334
POINT (127.3893761 36.33894176666666),서구,127.3893761,36.338941766666665
POINT (127.3209969648419 36.29386169100533),서구,127.32099696484187,36.29386169100533
POINT (127.3446615777656 36.33119770566371),서구,127.34466157776559,36.33119770566371
POINT (127.338464602043 36.25031282616256),서구,127.33846460204305,36.25031282616256
POINT (127.3808877333333 36.34273726666667),서구,127.38088773333334,36.34273726666667
POINT (127.3762849101298 36.30224744707659),서구,127.37628491012978,36.30224744707659
POINT (127.3809146638137 36.3517769113638),서구,127.38091466381368,36.3517769113638
POINT (127.3958636 36.34634220909091),서구,127.3958636,36.346342209090906
POINT (127.3762784882576 36.33742011675079),서구,127.37627848825757,36.33742011675079
POINT (127.3880239866774 36.32769601402795),서구,127.38802398667738,36.32769601402795
POINT (127.3800692 36.29680595),서구,127.3800692,36.29680595
POINT (127.371147 36.32594358),서구,127.37114700000001,36.32594358
POINT (127.3815579090909 36.33732904545455),서구,127.38155790909092,36.337329045454545
POINT (127.3741607166667 36.31405098333333),서구,127.37416071666667,36.31405098333333
POINT (127.39528035 36.35769735),서구,127.39528035000001,36.357697349999995
POINT (127.3719370670439 36.36091284926911),서구,127.37193706704387,36.36091284926911
POINT (127.370319273142 36.30354579653658),서구,127.37031927314202,36.30354579653658
POINT (127.352744175 36.310415475),서구,127.352744175,36.310415475
POINT (127.36954785 36.3130825),서구,127.36954785,36.3130825
POINT (127.3678779 36.3325116),서구,127.3678779,36.332511600000004
POINT (127.3610838 36.35744362000001),서구,127.3610838,36.357443620000005
POINT (127.35389865 36.31037258333333),서구,127.35389865,36.31037258333333
POINT (127.3856455166667 36.3394947),서구,127.38564551666666,36.3394947
POINT (127.3109588127862 36.24886271294886),서구,127.31095881278615,36.248862712948856
POINT (127.38057322 36.32164348),서구,127.38057322,36.32164348
POINT (127.3747046553338 36.30041954628113),서구,127.37470465533377,36.30041954628113
POINT (127.39096875 36.34301840000001),서구,127.39096875,36.343018400000005
POINT (127.3803509333333 36.29948336666667),서구,127.38035093333333,36.29948336666667
POINT (127.3888994 36.3413374),서구,127.3888994,36.3413374
POINT (127.386311025 36.34145345),서구,127.386311025,36.34145345
POINT (127.38038768 36.31992967),서구,127.38038768,36.31992967
POINT (127.37162069 36.35921373),서구,127.37162069,36.35921373
POINT (127.33482372 36.29552392),서구,127.33482371999999,36.29552392
POINT (127.3811014727273 36.33625302727273),서구,127.38110147272727,36.336253027272726
POINT (127.3377583563812 36.233884644486),서구,127.33775835638119,36.233884644486
POINT (127.390096366107 36.35596897054364),서구,127.39009636610703,36.355968970543636
POINT (127.35882168 36.35582108),서구,127.35882168,36.35582108
POINT (127.3655812666667 36.35474426666666),서구,127.36558126666667,36.354744266666664
POINT (127.3876538888719 36.35990660997573),서구,127.38765388887191,36.35990660997573
POINT (127.3410745 36.30030465),서구,127.3410745,36.30030465
POINT (127.3361311 36.2992841),서구,127.3361311,36.2992841
POINT (127.38390375 36.33850615),서구,127.38390375,36.33850615
POINT (127.3779777 36.3272195),서구,127.3779777,36.3272195
POINT (127.3774005377283 36.30938471177581),서구,127.37740053772833,36.30938471177581
POINT (127.372258275 36.3272662),서구,127.37225827500001,36.327266200000004
POINT (127.332190562287 36.24946285734772),서구,127.33219056228697,36.249462857347716
POINT (127.390042625 36.353082275),서구,127.390042625,36.353082275
POINT (127.3222415666667 36.29562303333334),서구,127.32224156666666,36.295623033333335
POINT (127.3716602 36.31935956666667),서구,127.37166020000001,36.31935956666667
POINT (127.3966716 36.34808504999999),서구,127.3966716,36.348085049999995
POINT (127.35266395 36.2972677),서구,127.35266395,36.2972677
POINT (127.3567340333333 36.35379843333334),서구,127.35673403333334,36.35379843333334
POINT (127.37972802 36.33434058),서구,127.37972802,36.33434058
POINT (127.371241325 36.322569),서구,127.371241325,36.322569
POINT (127.3840957 36.35584493333333),서구,127.3840957,36.35584493333333
POINT (127.3582520764351 36.2984260968116),서구,127.35825207643511,36.298426096811596
POINT (127.3381732229555 36.30039226484167),서구,127.3381732229555,36.30039226484167
POINT (127.3719431333333 36.32374333333333),서구,127.37194313333333,36.32374333333333
POINT (127.378474083437 36.30695030898488),서구,127.37847408343698,36.30695030898488
POINT (127.3455165 36.3240247),서구,127.3455165,36.3240247
POINT (127.3601468420701 36.3528307180849),서구,127.3601468420701,36.352830718084896
POINT (127.3729490470279 36.31296655505),서구,127.37294904702794,36.312966555050004
POINT (127.37873792 36.34220352),서구,127.37873791999999,36.34220352
POINT (127.3640081362935 36.35176144915808),서구,127.3640081362935,36.351761449158076
POINT (127.3294214293003 36.30123606563556),서구,127.32942142930028,36.30123606563556
POINT (127.37884638 36.33509212),서구,127.37884638,36.33509212
POINT (127.3522549 36.3062034),서구,127.3522549,36.3062034
POINT (127.38005068 36.31279868),서구,127.38005068,36.31279868
POINT (127.3710566107547 36.30407110972951),서구,127.37105661075474,36.304071109729506
POINT (127.3808893928906 36.32494216019081),서구,127.38088939289062,36.32494216019081
POINT (127.3473606 36.3247088),서구,127.3473606,36.324708799999996
POINT (127.3713054 36.3360493),서구,127.37130540000001,36.3360493
POINT (127.354362175 36.30800688333333),서구,127.35436217499999,36.308006883333334
POINT (127.3684592666667 36.3350618),서구,127.36845926666666,36.3350618
POINT (127.368995377435 36.30441497169365),서구,127.36899537743501,36.30441497169365
POINT (127.3766395833333 36.32241581666666),서구,127.37663958333333,36.32241581666666
POINT (127.32355025 36.297217),서구,127.32355025,36.297217
POINT (127.3585922513255 36.35719718543948),서구,127.35859225132548,36.35719718543948
POINT (127.374217699936 36.35986126649717),서구,127.37421769993601,36.35986126649717
POINT (127.39980695 36.35012875),서구,127.39980695,36.350128749999996
POINT (127.3766997 36.32870776666667),서구,127.37669969999999,36.32870776666667
POINT (127.3340535666667 36.30466376666666),서구,127.33405356666667,36.304663766666664
POINT (127.4001178333333 36.34453526666667),서구,127.40011783333334,36.34453526666667
POINT (127.3525452205498 36.30725668404546),서구,127.35254522054983,36.30725668404546
POINT (127.3648739 36.35617683333333),서구,127.3648739,36.35617683333333
POINT (127.3372011221928 36.29941280760067),서구,127.33720112219284,36.29941280760067
POINT (127.36840326 36.32871971),서구,127.36840326000001,36.32871971
POINT (127.3546767948009 36.34092149434937),서구,127.35467679480091,36.34092149434937
POINT (127.3302038817041 36.29104173019584),서구,127.33020388170408,36.291041730195836
POINT (127.3373188017675 36.29834739252605),서구,127.33731880176752,36.29834739252605
POINT (127.3780122636364 36.33229245454545),서구,127.37801226363636,36.33229245454545
POINT (127.3452681684051 36.32093429228746),서구,127.34526816840506,36.32093429228746
POINT (127.3768882666667 36.3205566),서구,127.37688826666667,36.320556599999996
POINT (127.35369295 36.30879965),서구,127.35369295000001,36.30879965
POINT (127.3371184333333 36.29548573333333),서구,127.33711843333333,36.29548573333333
POINT (127.3814459983159 36.36975292029146),서구,127.3814459983159,36.36975292029146
POINT (127.3600214539109 36.35873553014748),서구,127.36002145391092,36.35873553014748
POINT (127.3849854359188 36.32900880593463),서구,127.38498543591875,36.329008805934635
POINT (127.32511625 36.29763905),서구,127.32511625000001,36.29763905
POINT (127.3839659 36.32176466666667),서구,127.38396589999999,36.32176466666667
POINT (127.3818788727273 36.33592853636363),서구,127.38187887272728,36.33592853636363
POINT (127.3952712186338 36.35472539254256),서구,127.39527121863378,36.35472539254256
POINT (127.3760305376656 36.34904450740047),서구,127.37603053766559,36.34904450740047
POINT (127.3898231 36.35584353333333),서구,127.3898231,36.355843533333335
POINT (127.3522303974455 36.34974921680053),서구,127.35223039744545,36.349749216800525
POINT (127.3775135010981 36.36553705699001),서구,127.37751350109805,36.36553705699001
POINT (127.3543856387331 36.29990405178827),서구,127.35438563873306,36.29990405178827
POINT (127.364873542624 36.33926937966052),서구,127.36487354262395,36.33926937966052
POINT (127.3436154229484 36.32022257997332),서구,127.34361542294836,36.32022257997332
POINT (127.3667853615434 36.33543625867107),서구,127.36678536154344,36.335436258671066
POINT (127.3652246 36.3497384),서구,127.3652246,36.3497384
POINT (127.35099628 36.31364704),서구,127.35099628,36.31364704
POINT (127.3753268357865 36.3688987),서구,127.3753268357865,36.3688987
POINT (127.3561794666667 36.3531211),서구,127.35617946666666,36.3531211
POINT (127.3370315 36.3035536),서구,127.33703150000001,36.3035536
POINT (127.38306055 36.35926095),서구,127.38306055000001,36.35926095
POINT (127.3541328490317 36.29970626133754),서구,127.35413284903169,36.29970626133754
POINT (127.3822613472701 36.3651291600484),서구,127.38226134727009,36.3651291600484
POINT (127.37481133 36.32988433),서구,127.37481133,36.32988433
POINT (127.3722968666667 36.3518605),서구,127.37229686666667,36.3518605
POINT (127.339973776145 36.25143561151425),서구,127.33997377614497,36.25143561151425
POINT (127.384196572929 36.33111864458662),서구,127.38419657292899,36.33111864458662
POINT (127.3353114 36.29589666263843),서구,127.3353114,36.295896662638434
POINT (127.3379243045073 36.26011037246057),서구,127.33792430450734,36.260110372460574
POINT (127.39667795 36.3504697),서구,127.39667795,36.350469700000005
POINT (127.4017558133283 36.34253074623042),서구,127.40175581332826,36.34253074623042
POINT (127.3400695856333 36.29584699138397),서구,127.34006958563332,36.29584699138397
POINT (127.36687631 36.30472463),서구,127.36687631,36.30472463
POINT (127.36989096 36.35244588),서구,127.36989095999999,36.35244588
POINT (127.3772482865477 36.31493593449157),서구,127.3772482865477,36.31493593449157
POINT (127.3484513414928 36.30785579442131),서구,127.3484513414928,36.30785579442131
POINT (127.37500987 36.30344961),서구,127.37500987,36.30344961
POINT (127.3782383 36.34015003333333),서구,127.3782383,36.34015003333333
POINT (127.3953871833333 36.33998066666667),서구,127.39538718333334,36.33998066666667
POINT (127.371101 36.3239954),서구,127.37110100000001,36.3239954
POINT (127.3789274 36.33864047500001),서구,127.37892740000001,36.338640475000005
POINT (127.3839890863161 36.31719566129513),서구,127.38398908631613,36.31719566129513
POINT (127.3474891506776 36.30425638824001),서구,127.34748915067756,36.30425638824001
POINT (127.3812968909091 36.33755315454545),서구,127.3812968909091,36.33755315454545
POINT (127.3567575 36.2946488),서구,127.3567575,36.294648800000004
POINT (127.3952435333333 36.34854063333334),서구,127.39524353333333,36.348540633333336
POINT (127.3893355363636 36.34012795454546),서구,127.38933553636365,36.34012795454546
POINT (127.3409092 36.25351879999999),서구,127.3409092,36.253518799999995
POINT (127.37778255 36.31087835),서구,127.37778255,36.310878349999996
POINT (127.3679102137607 36.33451437290292),서구,127.36791021376067,36.33451437290292
POINT (127.37971232 36.30957066),서구,127.37971232,36.30957066
POINT (127.3802631666667 36.3429199),서구,127.38026316666667,36.3429199
POINT (127.3784794 36.36775533333333),서구,127.3784794,36.367755333333335
POINT (127.3760624666667 36.31649226666667),서구,127.37606246666667,36.31649226666667
POINT (127.36622348 36.30681992),서구,127.36622348,36.306819919999995
POINT (127.31728848 36.36934396),유성구,127.31728848,36.36934396
POINT (127.3452442666667 36.35700571666667),유성구,127.34524426666667,36.35700571666667
POINT (127.38802635 36.40157295),유성구,127.38802635,36.40157295
POINT (127.3168510439019 36.342647735583),유성구,127.31685104390186,36.342647735583
POINT (127.3024206562668 36.34145438853184),유성구,127.30242065626678,36.34145438853184
POINT (127.3767339 36.47294638),유성구,127.3767339,36.47294638
POINT (127.3559935483554 36.40984081853053),유성구,127.35599354835537,36.409840818530526
POINT (127.3432742929153 36.35729316764343),유성구,127.34327429291525,36.357293167643434
POINT (127.30280345 36.3815272),유성구,127.30280345,36.3815272
POINT (127.318821625 36.3886395),유성구,127.318821625,36.388639500000004
POINT (127.3191426646356 36.36110878277275),유성구,127.31914266463559,36.36110878277275
POINT (127.3144319645792 36.38862365410135),유성구,127.31443196457924,36.38862365410135
POINT (127.3533200199262 36.36439423515678),유성구,127.35332001992617,36.36439423515678
POINT (127.4016029123579 36.42194032172287),유성구,127.40160291235787,36.42194032172287
POINT (127.3236524542451 36.35942657028517),유성구,127.32365245424513,36.359426570285166
POINT (127.3003367004648 36.35327611692082),유성구,127.30033670046481,36.35327611692082
POINT (127.3848503 36.401726),유성구,127.3848503,36.401726000000004
POINT (127.3240704333333 36.39073326666666),유성구,127.32407043333333,36.390733266666665
POINT (127.3975377 36.39927126666667),유성구,127.3975377,36.399271266666666
POINT (127.347911075 36.36161295),유성구,127.347911075,36.36161295
POINT (127.3084785050147 36.38586607298771),유성구,127.30847850501475,36.38586607298771
POINT (127.33291795 36.33625375),유성구,127.33291795,36.33625375
POINT (127.3967239333333 36.40048416666666),유성구,127.39672393333333,36.400484166666665
POINT (127.387812344474 36.42169078277193),유성구,127.38781234447404,36.42169078277193
POINT (127.3609189201918 36.45671165772396),유성구,127.36091892019175,36.45671165772396
POINT (127.39577815 36.4810353),유성구,127.39577815,36.4810353
POINT (127.3447921645806 36.37657399462146),유성구,127.34479216458061,36.37657399462146
POINT (127.3173764880539 36.35484787256496),유성구,127.31737648805388,36.35484787256496
POINT (127.3347268832542 36.32598481822195),유성구,127.33472688325416,36.32598481822195
POINT (127.3114000400031 36.3941382753074),유성구,127.31140004000308,36.3941382753074
POINT (127.32147995 36.36847995),유성구,127.32147995,36.36847995
POINT (127.349510925 36.3880138),유성구,127.349510925,36.388013799999996
POINT (127.36337785 36.38674155),유성구,127.36337785,36.386741549999996
POINT (127.3829845700937 36.37890637360793),유성구,127.38298457009374,36.378906373607926
POINT (127.3289790896254 36.38058567047639),유성구,127.32897908962539,36.38058567047639
POINT (127.2993898165863 36.34181706537556),유성구,127.29938981658626,36.34181706537556
POINT (127.3070280333333 36.34164336666667),유성구,127.30702803333334,36.341643366666666
POINT (127.3970479439991 36.47623761809844),유성구,127.39704794399907,36.476237618098445
POINT (127.3152586333333 36.34297043333333),유성구,127.31525863333334,36.342970433333335
POINT (127.3080445563912 36.39561869727913),유성구,127.3080445563912,36.395618697279126
POINT (127.3840166419932 36.49345200847955),유성구,127.38401664199316,36.49345200847955
POINT (127.3118045295729 36.39460240345655),유성구,127.31180452957292,36.394602403456545
POINT (127.4014289666667 36.3978776),유성구,127.40142896666667,36.3978776
POINT (127.3113662716254 36.35777445012122),유성구,127.31136627162542,36.35777445012122
POINT (127.3760558139778 36.3741405277388),유성구,127.37605581397777,36.374140527738795
POINT (127.33668755 36.35574045),유성구,127.33668755,36.35574045
POINT (127.4058697193876 36.37983295256295),유성구,127.40586971938764,36.37983295256295
POINT (127.31631645 36.375624),유성구,127.31631645,36.375624
POINT (127.322968771184 36.36386502398214),유성구,127.32296877118401,36.36386502398214
POINT (127.3376527 36.38111933333333),유성구,127.33765269999999,36.38111933333333
POINT (127.34748766 36.3624269),유성구,127.34748766,36.3624269
POINT (127.3002747453698 36.34728325801839),유성구,127.30027474536982,36.347283258018386
POINT (127.3167381 36.377747625),유성구,127.3167381,36.377747625
POINT (127.34473315 36.35708075),유성구,127.34473315,36.35708075
POINT (127.3177073653203 36.29422895510827),유성구,127.31770736532029,36.294228955108274
POINT (127.3901193666667 36.42435856666667),유성구,127.39011936666667,36.42435856666667
POINT (127.3387075952642 36.36436552855187),유성구,127.33870759526417,36.36436552855187
POINT (127.3806950666667 36.38575796666667),유성구,127.38069506666666,36.38575796666667
POINT (127.3304484572986 36.39033959151971),유성구,127.33044845729864,36.39033959151971
POINT (127.401766 36.42491248181818),유성구,127.401766,36.42491248181818
POINT (127.3374582 36.3462959),유성구,127.33745819999999,36.3462959
POINT (127.4053363594083 36.39601127166263),유성구,127.40533635940831,36.39601127166263
POINT (127.3022734857682 36.37973350120249),유성구,127.30227348576815,36.37973350120249
POINT (127.38038944 36.38571206),유성구,127.38038944,36.385712059999996
POINT (127.3486715 36.3544868),유성구,127.3486715,36.354486800000004
POINT (127.3603272768511 36.45042720911081),유성구,127.36032727685107,36.45042720911081
POINT (127.366211 36.45313013333333),유성구,127.366211,36.45313013333333
POINT (127.2914819051821 36.361899108777),유성구,127.29148190518211,36.361899108776996
POINT (127.3108017866608 36.38900992288331),유성구,127.31080178666085,36.38900992288331
POINT (127.3327207587019 36.31675249223106),유성구,127.33272075870188,36.31675249223106
POINT (127.4094045405808 36.38840680889552),유성구,127.4094045405808,36.388406808895525
POINT (127.3618208345642 36.45089336369539),유성구,127.36182083456417,36.450893363695386
POINT (127.3829822750781 36.37874959467327),유성구,127.38298227507812,36.37874959467327
POINT (127.4063393685767 36.39225287446085),유성구,127.40633936857672,36.39225287446085
POINT (127.320405 36.36720906666667),유성구,127.32040500000001,36.36720906666667
POINT (127.4063454617236 36.40361716304112),유성구,127.40634546172363,36.40361716304112
POINT (127.4016213252595 36.39683247953219),유성구,127.40162132525951,36.39683247953219
POINT (127.35926095 36.4086405),유성구,127.35926094999999,36.408640500000004
POINT (127.3635203633176 36.38833489823602),유성구,127.36352036331759,36.388334898236025
POINT (127.3633412137562 36.37073561596684),유성구,127.36334121375621,36.37073561596684
POINT (127.33703295 36.33538435),유성구,127.33703295000001,36.33538435
POINT (127.364793075 36.3676756),유성구,127.364793075,36.3676756
POINT (127.3339994 36.36466633333333),유성구,127.3339994,36.36466633333333
POINT (127.29563365 36.37465685),유성구,127.29563365,36.37465685
POINT (127.3431326 36.36009585833334),유성구,127.34313259999999,36.36009585833334
POINT (127.3216716524364 36.38260757855327),유성구,127.32167165243642,36.38260757855327
POINT (127.3006190532133 36.33792793866498),유성구,127.30061905321325,36.33792793866498
POINT (127.3556629282857 36.39748297580989),유성구,127.35566292828574,36.39748297580989
POINT (127.3209591681629 36.37679956650347),유성구,127.3209591681629,36.37679956650347
POINT (127.3265711332181 36.38035533226466),유성구,127.3265711332181,36.38035533226466
POINT (127.2938757333333 36.36317113333333),유성구,127.29387573333334,36.36317113333333
POINT (127.31618075 36.3650415),유성구,127.31618075,36.365041500000004
POINT (127.3657145140031 36.47383131916386),유성구,127.36571451400312,36.473831319163864
POINT (127.3747222666667 36.42720723333333),유성구,127.37472226666667,36.427207233333334
POINT (127.3170086 36.36791934999999),유성구,127.3170086,36.367919349999994
POINT (127.35043624 36.35556759),유성구,127.35043624000001,36.35556759
POINT (127.32939595 36.350965),유성구,127.32939594999999,36.350965
POINT (127.338286552485 36.38885053910506),유성구,127.33828655248497,36.388850539105064
POINT (127.3721450470339 36.40669178476438),유성구,127.3721450470339,36.40669178476438
POINT (127.39393672 36.43064438),유성구,127.39393672,36.43064438
POINT (127.3126804778914 36.35828479292918),유성구,127.31268047789142,36.35828479292918
POINT (127.3535633 36.3573826),유성구,127.35356329999999,36.3573826
POINT (127.3016132156847 36.35451532042379),유성구,127.30161321568465,36.35451532042379
POINT (127.3503842 36.3883793),유성구,127.35038420000001,36.3883793
POINT (127.3804381219163 36.44879740024482),유성구,127.38043812191628,36.44879740024482
POINT (127.31335355 36.337329),유성구,127.31335354999999,36.337329
POINT (127.34233455 36.3678063),유성구,127.34233455,36.3678063
POINT (127.3728832038912 36.42649705143135),유성구,127.37288320389123,36.426497051431355
POINT (127.3840889647423 36.3756257662769),유성구,127.38408896474233,36.375625766276904
POINT (127.4075374 36.40070903333334),유성구,127.4075374,36.400709033333335
POINT (127.3359336043475 36.36947389819561),유성구,127.33593360434746,36.36947389819561
POINT (127.3512856666667 36.36282693333333),유성구,127.35128566666667,36.36282693333333
POINT (127.3896369802151 36.43228078777061),유성구,127.38963698021507,36.43228078777061
POINT (127.3215294882648 36.35994604166572),유성구,127.32152948826484,36.359946041665715
POINT (127.3161181333333 36.38748793333333),유성구,127.31611813333333,36.38748793333333
POINT (127.3474751947782 36.3886943801629),유성구,127.34747519477821,36.388694380162896
POINT (127.3083035 36.35849273333333),유성구,127.30830350000001,36.35849273333333
POINT (127.3085589166667 36.35984958333333),유성구,127.30855891666667,36.35984958333333
POINT (127.3136371969854 36.3137588938127),유성구,127.31363719698538,36.313758893812704
POINT (127.3048604070087 36.35680478326335),유성구,127.3048604070087,36.35680478326335
POINT (127.31700356 36.3673963),유성구,127.31700355999999,36.3673963
POINT (127.3009475833333 36.35255105),유성구,127.30094758333333,36.35255105
POINT (127.3902959 36.42347865),유성구,127.3902959,36.42347865
POINT (127.3054307 36.37548201818182),유성구,127.3054307,36.37548201818182
POINT (127.33732282 36.41260266),유성구,127.33732282,36.412602660000005
POINT (127.3500782463488 36.40305087905584),유성구,127.35007824634879,36.40305087905584
POINT (127.3623288089037 36.36523387579057),유성구,127.36232880890373,36.36523387579057
POINT (127.3200475 36.3759612),유성구,127.3200475,36.3759612
POINT (127.3786431833333 36.38571785),유성구,127.37864318333334,36.38571785
POINT (127.3146419608667 36.40365078663849),유성구,127.31464196086674,36.40365078663849
POINT (127.34271365 36.3696107),유성구,127.34271365000001,36.369610699999996
POINT (127.3159160343418 36.39736929756204),유성구,127.31591603434175,36.39736929756204
POINT (127.2975404983447 36.39014464767125),유성구,127.29754049834466,36.39014464767125
POINT (127.30356954 36.33917064),유성구,127.30356954,36.33917064
POINT (127.3604297993804 36.37450367511781),유성구,127.36042979938036,36.37450367511781
POINT (127.38070985 36.38468055),유성구,127.38070985,36.38468055
POINT (127.3163052938752 36.36682384327382),유성구,127.3163052938752,36.36682384327382
POINT (127.3189934333333 36.37844713333333),유성구,127.31899343333333,36.37844713333333
POINT (127.2979206 36.348601575),유성구,127.2979206,36.348601574999996
POINT (127.3989419 36.39970885),유성구,127.3989419,36.399708849999996
POINT (127.3124059 36.39218088333333),유성구,127.3124059,36.39218088333333
POINT (127.3963968 36.3761641),유성구,127.3963968,36.3761641
POINT (127.3744583 36.42168704),유성구,127.3744583,36.42168704
POINT (127.4014463 36.414457),유성구,127.4014463,36.414457
POINT (127.3165835057962 36.38645855676815),유성구,127.31658350579625,36.386458556768154
POINT (127.3120004651563 36.34394006755185),유성구,127.31200046515626,36.34394006755185
POINT (127.3657085451254 36.39120545012938),유성구,127.36570854512544,36.39120545012938
POINT (127.3429501377436 36.3685338996675),유성구,127.34295013774364,36.368533899667504
POINT (127.3137003698601 36.30177446481396),유성구,127.31370036986009,36.30177446481396
POINT (127.2940612786781 36.36372945855317),유성구,127.29406127867811,36.363729458553166
POINT (127.3518384091864 36.36036794600302),유성구,127.35183840918636,36.360367946003024
POINT (127.3309373 36.34875165),유성구,127.3309373,36.34875165
POINT (127.3397812 36.35317395),유성구,127.3397812,36.35317395
POINT (127.4054576333333 36.41025173333333),유성구,127.40545763333333,36.41025173333333
POINT (127.33813146 36.35431674),유성구,127.33813146,36.35431674
POINT (127.3278712 36.30318883333333),유성구,127.3278712,36.30318883333333
POINT (127.4034984345819 36.41347431256486),유성구,127.40349843458189,36.41347431256486
POINT (127.3638128212649 36.39070366423356),유성구,127.36381282126491,36.390703664233556
POINT (127.3381701601722 36.33291498733965),유성구,127.33817016017215,36.33291498733965
POINT (127.40694306 36.39529765),유성구,127.40694306,36.395297649999996
POINT (127.3789095401983 36.3779576877763),유성구,127.37890954019834,36.3779576877763
POINT (127.3997680886591 36.40249308735444),유성구,127.39976808865913,36.40249308735444
POINT (127.3758247666667 36.38793773333334),유성구,127.37582476666667,36.38793773333334
POINT (127.3434598156855 36.36757190983278),유성구,127.34345981568552,36.367571909832776
POINT (127.3465124 36.35895225),유성구,127.3465124,36.35895225
POINT (127.3378363666667 36.36960200833333),유성구,127.33783636666666,36.36960200833333
POINT (127.3342062 36.35482236666667),유성구,127.3342062,36.35482236666667
POINT (127.3702117 36.4222312),유성구,127.3702117,36.4222312
POINT (127.3137315640785 36.39188377863766),유성구,127.31373156407845,36.391883778637656
POINT (127.34282734 36.35419328),유성구,127.34282734,36.35419328
POINT (127.3853325539491 36.45131737435058),유성구,127.3853325539491,36.45131737435058
POINT (127.3871495909091 36.4345773),유성구,127.38714959090909,36.4345773
POINT (127.3393532872151 36.35913694651166),유성구,127.33935328721512,36.35913694651166
POINT (127.2988446789347 36.33690767425055),유성구,127.29884467893467,36.336907674250554
POINT (127.308489774596 36.38749531790444),유성구,127.30848977459597,36.38749531790444
POINT (127.30755378 36.35736244),유성구,127.30755378,36.35736244
POINT (127.3020479301688 36.34991421055577),유성구,127.30204793016881,36.34991421055577
POINT (127.3368779 36.33353235),유성구,127.33687789999999,36.33353235
POINT (127.3997967666667 36.4025479),유성구,127.39979676666667,36.4025479
POINT (127.40895035 36.4160598),유성구,127.40895035,36.4160598
POINT (127.3197013666667 36.37135869999999),유성구,127.31970136666666,36.371358699999995
POINT (127.3389304775657 36.34372905446516),유성구,127.33893047756567,36.34372905446516
POINT (127.31586875 36.30107635),유성구,127.31586874999999,36.30107635
POINT (127.3193955666667 36.37171023333333),유성구,127.31939556666666,36.37171023333333
POINT (127.3971614750422 36.425556780348),유성구,127.3971614750422,36.425556780348
POINT (127.3358820666667 36.36045636666667),유성구,127.33588206666667,36.36045636666667
POINT (127.3084708503193 36.39542895159663),유성구,127.30847085031932,36.39542895159663
POINT (127.3376426166667 36.41282621666667),유성구,127.33764261666667,36.412826216666666
POINT (127.30776298 36.38933666),유성구,127.30776298,36.38933666
POINT (127.3640025398707 36.38457677152514),유성구,127.36400253987074,36.38457677152514
POINT (127.3600909948369 36.36385448028843),유성구,127.3600909948369,36.36385448028843
POINT (127.34799455 36.3486255),유성구,127.34799455000001,36.3486255
POINT (127.40752375 36.39203145),유성구,127.40752375,36.392031450000005
POINT (127.3157576666667 36.29968816666667),유성구,127.31575766666667,36.29968816666667
POINT (127.3133507259312 36.32127126072867),유성구,127.31335072593117,36.32127126072867
POINT (127.4104307 36.40178675),유성구,127.4104307,36.40178675
POINT (127.3460941667415 36.41279192665491),유성구,127.34609416674148,36.41279192665491
POINT (127.3486365666667 36.3383647),유성구,127.34863656666667,36.3383647
POINT (127.3481058 36.3981322),유성구,127.3481058,36.3981322
POINT (127.36053444 36.45758404),유성구,127.36053444,36.45758404
POINT (127.4004946237849 36.42455467596523),유성구,127.40049462378494,36.42455467596523
POINT (127.3075928666667 36.39052566666667),유성구,127.30759286666667,36.39052566666667
POINT (127.40318745 36.39843015),유성구,127.40318744999999,36.398430149999996
POINT (127.3365622915499 36.3565727738984),유성구,127.33656229154987,36.3565727738984
POINT (127.3805646666667 36.41595330000001),유성구,127.38056466666667,36.415953300000005
POINT (127.3362090333333 36.34708556666666),유성구,127.33620903333333,36.347085566666664
POINT (127.3273571 36.35425365),유성구,127.3273571,36.354253650000004
POINT (127.2997048333333 36.33852886666666),유성구,127.29970483333334,36.338528866666664
POINT (127.35151565 36.3888542),유성구,127.35151565000001,36.3888542
POINT (127.3956392275004 36.47996375274161),유성구,127.3956392275004,36.47996375274161
POINT (127.35927198 36.41003798),유성구,127.35927198,36.41003798
POINT (127.3155359 36.36364865),유성구,127.3155359,36.36364865
POINT (127.3218924238907 36.39097726788466),유성구,127.32189242389067,36.39097726788466
POINT (127.4152768106023 36.4130340069546),유성구,127.41527681060234,36.413034006954604
POINT (127.3030028712291 36.40798641249897),유성구,127.30300287122905,36.40798641249897
POINT (127.3945066666667 36.42256136666667),유성구,127.39450666666667,36.42256136666667
POINT (127.32066305 36.3876758),유성구,127.32066305000001,36.3876758
POINT (127.3160232666667 36.38684633333334),유성구,127.31602326666666,36.38684633333334
POINT (127.3242945412966 36.38611589001462),유성구,127.32429454129661,36.38611589001462
POINT (127.32480465 36.387178925),유성구,127.32480465,36.387178925
POINT (127.3108061030908 36.34609374149946),유성구,127.31080610309083,36.34609374149946
POINT (127.3388382387828 36.34354732723258),유성구,127.33883823878284,36.34354732723258
POINT (127.3534900503401 36.36177225529909),유성구,127.35349005034014,36.36177225529909
POINT (127.3856670681261 36.40790746943447),유성구,127.38566706812605,36.40790746943447
POINT (127.3153323767837 36.3695965025053),유성구,127.31533237678367,36.3695965025053
POINT (127.3487892628489 36.38717478912339),유성구,127.34878926284885,36.38717478912339
POINT (127.3978772637946 36.40563141175841),유성구,127.39787726379461,36.405631411758414
POINT (127.30129795 36.35892205),유성구,127.30129795,36.358922050000004
POINT (127.4120873834857 36.42078848518123),유성구,127.41208738348573,36.420788485181234
POINT (127.3181897899432 36.30078547484056),유성구,127.31818978994318,36.30078547484056
POINT (127.3416233916667 36.347571225),유성구,127.34162339166666,36.347571224999996
POINT (127.3780486645692 36.47268614402427),유성구,127.37804866456916,36.472686144024266
POINT (127.38818375 36.42515175),유성구,127.38818375,36.42515175
POINT (127.3594209286731 36.3742724926478),유성구,127.35942092867307,36.374272492647805
POINT (127.404822261487 36.40447446597117),유성구,127.40482226148697,36.40447446597117
POINT (127.3844538866843 36.40803691299583),유성구,127.3844538866843,36.40803691299583
POINT (127.3160849666667 36.37331743333333),유성구,127.31608496666666,36.373317433333334
POINT (127.3814426511381 36.38802362806675),유성구,127.38144265113813,36.38802362806675
POINT (127.35317986 36.36087498000001),유성구,127.35317986,36.360874980000006
POINT (127.3352299148414 36.37300560523906),유성구,127.33522991484145,36.37300560523906
POINT (127.3359476 36.350209),유성구,127.3359476,36.350209
POINT (127.3847591335354 36.41325505222053),유성구,127.38475913353543,36.413255052220535
POINT (127.3939921678047 36.37825505999134),유성구,127.39399216780471,36.37825505999134
POINT (127.3177687 36.3013376),유성구,127.3177687,36.3013376
POINT (127.3491139666667 36.391077),유성구,127.34911396666668,36.391077
POINT (127.3188891361295 36.37698466958179),유성구,127.31888913612954,36.37698466958179
POINT (127.3203078508678 36.38790759685627),유성구,127.32030785086778,36.38790759685627
POINT (127.2982773409024 36.38871499200688),유성구,127.29827734090244,36.38871499200688
POINT (127.3642427856002 36.36859936781408),유성구,127.3642427856002,36.368599367814085
POINT (127.32287086 36.386773),유성구,127.32287086000001,36.386773
POINT (127.333314380757 36.39063528477752),유성구,127.33331438075705,36.39063528477752
POINT (127.3300062 36.3522154),유성구,127.3300062,36.3522154
POINT (127.3691127990515 36.44647911285112),유성구,127.36911279905145,36.446479112851115
POINT (127.308856075 36.38728380000001),유성구,127.308856075,36.387283800000006
POINT (127.3419877204675 36.37014319656804),유성구,127.34198772046747,36.37014319656804
POINT (127.291016525 36.361677375),유성구,127.291016525,36.361677375
POINT (127.3411465333333 36.34011116666667),유성구,127.34114653333333,36.34011116666667
POINT (127.3024403185318 36.34791127751674),유성구,127.30244031853181,36.347911277516744
POINT (127.4064962193995 36.39821284523112),유성구,127.40649621939947,36.39821284523112
POINT (127.372001106274 36.42549645684294),유성구,127.37200110627401,36.425496456842936
POINT (127.3394286333333 36.37016506666667),유성구,127.33942863333334,36.370165066666665
POINT (127.3663236738155 36.47424498772872),유성구,127.36632367381553,36.47424498772872
POINT (127.32289025 36.3695822),유성구,127.32289025,36.369582199999996
POINT (127.3090497 36.34069),유성구,127.3090497,36.34069
POINT (127.3070981166667 36.38921988333333),유성구,127.30709811666667,36.38921988333333
POINT (127.3191827333333 36.29925536666666),유성구,127.31918273333334,36.299255366666664
POINT (127.3752140292349 36.3881509220673),유성구,127.37521402923488,36.388150922067304
POINT (127.3125520602493 36.32858022298414),유성구,127.31255206024929,36.328580222984144
POINT (127.3487654 36.361314925),유성구,127.34876539999999,36.361314925
POINT (127.3384525 36.3524981),유성구,127.3384525,36.3524981
POINT (127.408913919971 36.42114709223259),유성구,127.40891391997098,36.42114709223259
POINT (127.3203095667657 36.38495114716719),유성구,127.3203095667657,36.384951147167186
POINT (127.3523900666667 36.38922966666667),유성구,127.35239006666666,36.389229666666665
POINT (127.3415105987528 36.34028101591166),유성구,127.3415105987528,36.340281015911664
POINT (127.31794415 36.3631152),유성구,127.31794415,36.363115199999996
POINT (127.3975351666667 36.37550483333333),유성구,127.39753516666667,36.37550483333333
POINT (127.323852842206 36.36179210476475),유성구,127.32385284220597,36.361792104764746
POINT (127.3256280475056 36.34797295362108),유성구,127.3256280475056,36.34797295362108
POINT (127.3173518 36.30343003333333),유성구,127.3173518,36.303430033333335
POINT (127.3097156 36.344446275),유성구,127.3097156,36.344446275
POINT (127.30887305 36.34087295),유성구,127.30887305,36.340872950000005
POINT (127.392992813807 36.37440330973377),유성구,127.39299281380696,36.37440330973377
POINT (127.3134269284008 36.30121695403067),유성구,127.3134269284008,36.30121695403067
POINT (127.3145071 36.34435575000001),유성구,127.3145071,36.344355750000005
POINT (127.30994545 36.35616595),유성구,127.30994545,36.35616595
POINT (127.3168276 36.2963812),유성구,127.3168276,36.2963812
POINT (127.317408625 36.38171515000001),유성구,127.317408625,36.381715150000005
POINT (127.3164867666667 36.29871576666667),유성구,127.31648676666667,36.29871576666667
POINT (127.3173069677112 36.30433437546029),유성구,127.31730696771119,36.304334375460286
POINT (127.3878176 36.40162185),유성구,127.3878176,36.40162185
POINT (127.3020132751344 36.35361296873307),유성구,127.30201327513443,36.353612968733074
POINT (127.3690237 36.4258606),유성구,127.3690237,36.4258606
POINT (127.2998955713038 36.34986084915712),유성구,127.2998955713038,36.349860849157125
POINT (127.3116453140202 36.39332839270106),유성구,127.31164531402023,36.393328392701065
POINT (127.379266251995 36.41863133747425),유성구,127.37926625199498,36.418631337474245
POINT (127.3928809 36.42465385),유성구,127.3928809,36.42465385
POINT (127.32270775 36.390045),유성구,127.32270775,36.390045
POINT (127.3457387 36.35515526666666),유성구,127.3457387,36.355155266666664
POINT (127.3994679333333 36.39730033333333),유성구,127.39946793333334,36.397300333333334
POINT (127.3443661656618 36.37587987718574),유성구,127.34436616566184,36.37587987718574
POINT (127.3109031440944 36.34243507594071),유성구,127.3109031440944,36.342435075940706
POINT (127.321280725 36.38249935),유성구,127.321280725,36.38249935
POINT (127.3020718657443 36.40986752519976),유성구,127.3020718657443,36.40986752519976
POINT (127.309726525 36.357112625),유성구,127.309726525,36.357112625
POINT (127.408069586514 36.39774327758575),유성구,127.40806958651396,36.39774327758575
POINT (127.3549754 36.40031968484418),유성구,127.3549754,36.400319684844185
POINT (127.2982600666667 36.34822966666667),유성구,127.29826006666667,36.34822966666667
POINT (127.3990325 36.398706),유성구,127.3990325,36.398706
POINT (127.3123078118369 36.34459030742422),유성구,127.31230781183693,36.34459030742422
POINT (127.3000301 36.35107443333334),유성구,127.3000301,36.35107443333334
POINT (127.3242297666667 36.3870189),유성구,127.32422976666666,36.3870189
POINT (127.3171638101769 36.29945469964311),유성구,127.31716381017694,36.299454699643114
POINT (127.313247 36.33913245),유성구,127.31324699999999,36.33913245
POINT (127.3452893969725 36.38402683800024),유성구,127.34528939697253,36.38402683800024
POINT (127.3156558 36.37669589999999),유성구,127.3156558,36.376695899999994
POINT (127.31481112 36.3698405),유성구,127.31481112,36.3698405
POINT (127.2922861603474 36.34634442417385),유성구,127.29228616034737,36.34634442417385
POINT (127.364271 36.47528197),유성구,127.364271,36.475281970000005
POINT (127.39370995 36.42492995),유성구,127.39370994999999,36.42492995
POINT (127.3457157 36.356934375),유성구,127.3457157,36.356934375
POINT (127.3279423240043 36.3615743632476),유성구,127.3279423240043,36.3615743632476
POINT (127.3506925904987 36.41678469279936),유성구,127.35069259049874,36.41678469279936
POINT (127.3612547 36.4572782),유성구,127.36125469999999,36.4572782
POINT (127.358799775 36.452246375),유성구,127.35879977500001,36.452246375
POINT (127.3921760666667 36.3754608),유성구,127.39217606666666,36.3754608
POINT (127.33427775 36.36007715),유성구,127.33427775,36.360077149999995
POINT (127.40699874915 36.41758887676882),유성구,127.40699874915002,36.417588876768825
POINT (127.3675504065513 36.36752814015671),유성구,127.36755040655133,36.367528140156715
POINT (127.3489805008401 36.33742845116149),유성구,127.34898050084006,36.33742845116149
POINT (127.3142017 36.34302325),유성구,127.3142017,36.34302325
POINT (127.3006181354569 36.35311844890565),유성구,127.30061813545687,36.35311844890565
POINT (127.2994816 36.3491851),유성구,127.29948160000001,36.3491851
POINT (127.32976746 36.3609855),유성구,127.32976746,36.3609855
POINT (127.314826925 36.297956375),유성구,127.314826925,36.297956375
POINT (127.3102894 36.39617175),유성구,127.3102894,36.39617175
POINT (127.3124916559288 36.40015876320425),유성구,127.31249165592884,36.400158763204246
POINT (127.3193724604925 36.36295722747199),유성구,127.31937246049249,36.362957227471995
POINT (127.2955886250754 36.37754375385419),유성구,127.2955886250754,36.37754375385419
POINT (127.2977182333333 36.362264),유성구,127.29771823333334,36.362263999999996
POINT (127.3028060612849 36.3470397819437),유성구,127.30280606128487,36.3470397819437
POINT (127.347807375 36.370415025),유성구,127.347807375,36.370415025
POINT (127.4193044 36.434007),대덕구,127.4193044,36.434007
POINT (127.41979865 36.4483947),대덕구,127.41979864999999,36.4483947
POINT (127.4302973833333 36.36589076666667),대덕구,127.43029738333333,36.365890766666666
POINT (127.423826626454 36.34860406333607),대덕구,127.42382662645402,36.34860406333607
POINT (127.4196171944429 36.43050136180023),대덕구,127.4196171944429,36.43050136180023
POINT (127.42736575 36.44463385),대덕구,127.42736575,36.44463385
POINT (127.42512694 36.35023062),대덕구,127.42512694,36.35023062
POINT (127.42630594 36.35948618),대덕구,127.42630594,36.359486180000005
POINT (127.4307050333333 36.44155173333333),대덕구,127.43070503333334,36.441551733333334
POINT (127.42956305 36.3672197),대덕구,127.42956305,36.3672197
POINT (127.412470925 36.35205375),대덕구,127.41247092500001,36.352053749999996
POINT (127.42234916 36.36506882),대덕구,127.42234916,36.36506882
POINT (127.4757146514072 36.47208434114273),대덕구,127.47571465140722,36.47208434114273
POINT (127.42170365 36.36056215),대덕구,127.42170365,36.36056215
POINT (127.4106874333333 36.35594476666667),대덕구,127.41068743333334,36.35594476666667
POINT (127.42641025 36.45068215),대덕구,127.42641025,36.45068215
POINT (127.41539205 36.35655805),대덕구,127.41539205000001,36.35655805
POINT (127.4448131333333 36.3538578),대덕구,127.44481313333333,36.3538578
POINT (127.4155413382768 36.3448877744387),대덕구,127.41554133827682,36.344887774438696
POINT (127.4498389194683 36.36103438558589),대덕구,127.44983891946826,36.36103438558589
POINT (127.4452243666667 36.36270296666667),대덕구,127.44522436666666,36.36270296666667
POINT (127.4153725363636 36.34799299090909),대덕구,127.41537253636363,36.34799299090909
POINT (127.416428951928 36.42544791358476),대덕구,127.41642895192804,36.42544791358476
POINT (127.4216789333333 36.43570563333333),대덕구,127.42167893333333,36.435705633333335
POINT (127.4453227666667 36.36463256666666),대덕구,127.44532276666666,36.364632566666664
POINT (127.4066187333333 36.35365263333333),대덕구,127.40661873333333,36.35365263333333
POINT (127.42207646 36.39493262),대덕구,127.42207646,36.39493262
POINT (127.4286649244128 36.45180008725261),대덕구,127.42866492441283,36.451800087252614
POINT (127.4214121083333 36.375103275),대덕구,127.42141210833334,36.375103275
POINT (127.43060468 36.3651024),대덕구,127.43060468,36.3651024
POINT (127.4238275 36.36184166666667),대덕구,127.4238275,36.36184166666667
POINT (127.4045350411452 36.36382772820512),대덕구,127.40453504114515,36.36382772820512
POINT (127.4282309069482 36.44046962994157),대덕구,127.42823090694823,36.44046962994157
POINT (127.4223300666667 36.36172173333333),대덕구,127.42233006666666,36.36172173333333
POINT (127.4265242080406 36.44941272298107),대덕구,127.42652420804065,36.449412722981066
POINT (127.4111464201918 36.44378374278913),대덕구,127.41114642019178,36.44378374278913
POINT (127.40859565 36.35678525),대덕구,127.40859565,36.35678525
POINT (127.40832255 36.35818965),대덕구,127.40832255000001,36.35818965
POINT (127.40613635 36.35325865),대덕구,127.40613635,36.35325865
POINT (127.4121195 36.3500144),대덕구,127.4121195,36.3500144
POINT (127.4194093305202 36.39951545050341),대덕구,127.41940933052018,36.39951545050341
POINT (127.42387656 36.3607207),대덕구,127.42387656,36.3607207
POINT (127.4259348556375 36.42695638156405),대덕구,127.4259348556375,36.42695638156405
POINT (127.4202772769883 36.37584155920088),대덕구,127.42027727698834,36.37584155920088
POINT (127.4201698657068 36.35533279981153),대덕구,127.42016986570677,36.355332799811535
POINT (127.41881845 36.4227068),대덕구,127.41881845,36.4227068
POINT (127.4154431424192 36.34829897198139),대덕구,127.41544314241915,36.348298971981386
POINT (127.4283803987582 36.42951108570654),대덕구,127.4283803987582,36.429511085706544
POINT (127.41050608 36.44694544),대덕구,127.41050608,36.44694544
POINT (127.4065438360668 36.44702816147752),대덕구,127.40654383606679,36.44702816147752
POINT (127.4271563666667 36.36201296666667),대덕구,127.42715636666667,36.36201296666667
POINT (127.4479091666667 36.3556002),대덕구,127.44790916666666,36.3556002
POINT (127.42949774 36.44188002),대덕구,127.42949774,36.44188002
POINT (127.3957593666667 36.43846616666666),대덕구,127.39575936666667,36.438466166666664
POINT (127.417817 36.34749026666667),대덕구,127.417817,36.34749026666667
POINT (127.4072656666667 36.42948923333334),대덕구,127.40726566666667,36.429489233333335
POINT (127.4154267832601 36.35279653001228),대덕구,127.41542678326006,36.352796530012284
POINT (127.422934425 36.360945875),대덕구,127.422934425,36.360945875
POINT (127.4373918 36.36364775),대덕구,127.4373918,36.36364775
POINT (127.4273566911624 36.4009373275291),대덕구,127.42735669116244,36.4009373275291
POINT (127.410448180342 36.44449420903508),대덕구,127.41044818034197,36.444494209035085
POINT (127.4502291 36.35965306666667),대덕구,127.4502291,36.35965306666667
POINT (127.41471035 36.4481281),대덕구,127.41471035000001,36.4481281
POINT (127.42151292 36.35194594),대덕구,127.42151292,36.35194594
POINT (127.42862695 36.3591178),대덕구,127.42862695,36.3591178
POINT (127.41494 36.346357025),대덕구,127.41494,36.346357024999996
POINT (127.4448301074414 36.36739202274619),대덕구,127.44483010744142,36.367392022746195
POINT (127.4237914 36.3625379),대덕구,127.4237914,36.3625379
POINT (127.4330508547941 36.38889476372249),대덕구,127.43305085479409,36.38889476372249
POINT (127.43331618 36.44827762),대덕구,127.43331618,36.44827762
POINT (127.4150499176219 36.34479685644403),대덕구,127.41504991762187,36.344796856444034
POINT (127.4223439 36.36516246666667),대덕구,127.4223439,36.36516246666667
POINT (127.4565191204799 36.35735392603164),대덕구,127.45651912047991,36.357353926031635
POINT (127.4270396666667 36.44171189999999),대덕구,127.42703966666667,36.441711899999994
POINT (127.4239265 36.36482936666667),대덕구,127.4239265,36.36482936666667
POINT (127.418564375 36.4227241),대덕구,127.418564375,36.422724099999996
POINT (127.43253475 36.36736670000001),대덕구,127.43253475,36.367366700000005
POINT (127.4354788 36.3654537),대덕구,127.4354788,36.365453699999996
POINT (127.427697043276 36.43994571851339),대덕구,127.42769704327604,36.43994571851339
POINT (127.430054359954 36.44362413302846),대덕구,127.430054359954,36.443624133028464
POINT (127.4370334 36.3665532),대덕구,127.4370334,36.3665532
POINT (127.4240966166667 36.37882351666667),대덕구,127.42409661666667,36.37882351666667
POINT (127.4105313576959 36.35712644013576),대덕구,127.4105313576959,36.35712644013576
POINT (127.42646615 36.35775535000001),대덕구,127.42646615,36.357755350000005
POINT (127.43567356 36.45071756),대덕구,127.43567356,36.45071756
POINT (127.4174580230556 36.42557243689033),대덕구,127.41745802305559,36.425572436890334
POINT (127.4121514666667 36.34946286666666),대덕구,127.41215146666667,36.34946286666666
POINT (127.4093496333333 36.35351023333333),대덕구,127.40934963333333,36.35351023333333
POINT (127.4084540838493 36.35712529089488),대덕구,127.40845408384926,36.35712529089488
POINT (127.4277828333333 36.35778373333333),대덕구,127.42778283333332,36.357783733333335
POINT (127.44292715 36.3678686),대덕구,127.44292715,36.3678686
POINT (127.4252478333189 36.45348154912511),대덕구,127.42524783331886,36.45348154912511
POINT (127.4398942080094 36.36707014211106),대덕구,127.43989420800936,36.36707014211106
POINT (127.4274369 36.361326425),대덕구,127.4274369,36.361326425
POINT (127.4275816666667 36.35625706666667),대덕구,127.42758166666667,36.35625706666667
POINT (127.4137673 36.42584476666667),대덕구,127.41376729999999,36.42584476666667
POINT (127.4355019 36.365457375),대덕구,127.4355019,36.365457375
POINT (127.4284856538553 36.44742930652311),대덕구,127.4284856538553,36.447429306523105
POINT (127.4447307666667 36.3557532),대덕구,127.44473076666667,36.355753199999995
POINT (127.4172343818182 36.35116324545454),대덕구,127.41723438181818,36.35116324545454
POINT (127.4121649333333 36.35523963333333),대덕구,127.41216493333333,36.35523963333333
POINT (127.40783735 36.35371345),대덕구,127.40783735,36.35371345
POINT (127.42578952 36.35753772),대덕구,127.42578952,36.35753772
POINT (127.4299105142924 36.44449620240584),대덕구,127.42991051429236,36.44449620240584
POINT (127.4226774397783 36.37619662254556),대덕구,127.42267743977834,36.37619662254556
POINT (127.4272531 36.36398010000001),대덕구,127.4272531,36.363980100000006
POINT (127.4230384946306 36.42327784235394),대덕구,127.42303849463065,36.42327784235394
POINT (127.4236255333333 36.4335856),대덕구,127.42362553333334,36.4335856
POINT (127.4195359583333 36.448873025),대덕구,127.41953595833334,36.448873025
POINT (127.4005776 36.44198813333333),대덕구,127.40057759999999,36.44198813333333
POINT (127.4188765735564 36.39883700035895),대덕구,127.41887657355642,36.39883700035895
POINT (127.45237655 36.44879975),대덕구,127.45237655,36.44879975
POINT (127.4216439333333 36.43657423333333),대덕구,127.42164393333333,36.43657423333333
POINT (127.4284321 36.3628283),대덕구,127.42843210000001,36.3628283
POINT (127.412654 36.3538527),대덕구,127.412654,36.353852700000004
POINT (127.4308977333333 36.4421587),대덕구,127.43089773333334,36.4421587
POINT (127.4308951761862 36.44080373515047),대덕구,127.43089517618621,36.440803735150475
POINT (127.425184425 36.4434256),대덕구,127.425184425,36.4434256
POINT (127.3999679403631 36.36276630242423),대덕구,127.39996794036306,36.36276630242423
POINT (127.4105841333333 36.44772993333333),대덕구,127.41058413333333,36.447729933333335
POINT (127.4094836178447 36.36330517155346),대덕구,127.40948361784466,36.363305171553456
POINT (127.4241076166667 36.35881600833333),대덕구,127.42410761666667,36.358816008333335
POINT (127.42300455 36.42406339999999),대덕구,127.42300455,36.424063399999994
POINT (127.4467110181818 36.36158090909091),대덕구,127.44671101818182,36.36158090909091
POINT (127.4057181704002 36.3498604236967),대덕구,127.40571817040023,36.3498604236967
POINT (127.4287855 36.3646354),대덕구,127.4287855,36.3646354
POINT (127.4214377 36.44047466666667),대덕구,127.4214377,36.44047466666667
